runnum,totcharge_bob(C),totcharge_pd(C),daqlvtm_bbhi,daqlvtm_ts1
11449,-0.000438616,0.00290568,0.930779,0.930785
11451,-5.51695e-05,0.00217609,0.861596,0.861605
11452,-99.0,0.00898508,0.936185,0.936191
11456,-99.0,0.00757034,0.886523,0.886531
11493,-8.80849e-05,0.00236925,0.976892,0.976899
11494,-7.29468e-05,0.00346013,0.976594,0.976598
11495,-2.93449e-05,0.00342057,0.976329,0.976333
11496,-8.45714e-05,0.00304391,0.976095,0.976099
11551,-9.23444e-05,0.00132071,0.872639,0.872648
11554,-6.7662e-05,0.000869628,0.867828,0.867837
11562,-3.93674e-05,0.00336828,0.865795,0.865803
11563,-7.87472e-05,0.00075669,0.848635,0.848644
11564,-7.84526e-05,0.00192168,0.850195,0.850203
11565,-0.000353761,0.00251332,0.853931,0.85394
11568,-3.90594e-05,0.00269407,0.850224,0.850232
11570,-0.000101488,0.00145423,0.851025,0.851032
11571,-6.58711e-05,0.00206349,0.841798,0.841804
11579,-8.45771e-05,0.00584684,0.897803,0.897811
11580,-6.76575e-05,0.00170179,0.897183,0.89719
11581,-2.62179e-05,0.00411985,0.897953,0.89796
11582,-2.63756e-05,0.00253737,0.899002,0.899009
11583,-5.32443e-05,0.00336685,0.898854,0.898861
11586,-8.45711e-05,0.00483441,0.899036,0.899043
11593,-0.000444603,0.00392495,0.755729,0.755738
11594,-6.58162e-05,0.00108199,0.748213,0.748222
11595,-3.93755e-05,0.00170929,0.746432,0.746439
11996,0.00757565,0.00651399,0.889209,0.890613
11997,0.00405946,0.00342614,0.882823,0.885036
11998,0.0172768,0.0155879,0.889647,0.890296
11999,0.0182564,0.0164604,0.902916,0.903485
12001,0.0143517,0.0129417,0.904671,0.905273
12002,0.0143176,0.0129081,0.914322,0.915108
12004,0.0121402,0.0109482,0.916296,0.917144
12006,0.0140047,0.0126405,0.919109,0.919954
12013,0.0137957,0.0123916,0.984993,0.98609
12014,0.00454582,0.00409855,0.990874,0.99308
12017,0.0304196,0.0273946,0.992092,0.992416
12019,0.0218889,0.0197013,0.988741,0.989357
12021,0.0143308,0.0129128,0.98526,0.98532
12029,0.0321254,0.0289188,0.986363,0.986747
12030,0.0311581,0.0280898,0.985465,0.985838
12038,0.00769285,0.00692662,0.984729,0.986443
12039,0.00305357,0.00149455,0.978197,0.98641
12040,0.000687974,0.000620016,0.968773,0.98541
12041,0.00727738,0.00655155,0.987327,0.98917
12042,0.00758119,0.00682457,0.987879,0.989574
12043,0.0099621,0.00895837,0.988934,0.989952
12044,0.00779701,0.00701956,0.987856,0.98943
12045,0.00606145,0.0054707,0.987203,0.98961
12046,0.00576199,0.00521427,0.99051,0.990583
12047,0.00777126,0.00699298,0.988883,0.990369
12048,0.00428328,0.00384835,0.988594,0.991586
12050,0.0371329,0.0335022,0.990088,0.990335
12051,0.0269409,0.0242493,0.988399,0.98892
12055,0.0238289,0.0214874,0.953623,0.953829
12056,0.0207767,0.0186954,0.954322,0.954928
12057,0.023943,0.0215622,0.954996,0.955501
12059,0.0179024,0.0161023,0.955895,0.955954
12060,0.00960883,0.00869104,0.955877,0.956325
12062,0.0219752,0.0197624,0.954832,0.95546
12063,0.0184867,0.0166414,0.955626,0.955688
12065,0.0226564,0.0203831,0.954915,0.954974
12066,-99.0,0.00416998,0.919763,0.919859
12068,0.0175158,0.0157438,0.987476,0.988267
12069,-99.0,0.00429183,0.907168,0.909964
12070,-99.0,0.00391913,0.983747,0.986788
12071,0.013201,0.0118818,0.988961,0.989977
12073,0.0101138,0.00910812,0.988781,0.989891
12314,0.0490714,0.0440307,0.434349,0.434355
12315,0.0648928,0.0452146,0.9108,0.910804
12316,0.0107998,0.00898726,0.910463,0.910469
12318,0.0180491,0.0164236,0.93092,0.930925
12319,0.0159649,0.0143198,0.914444,0.914449
12321,0.00574362,0.00515549,0.902837,0.90284
12322,0.0276986,0.0244069,0.910299,0.910305
12323,0.00455063,0.00408657,0.908146,0.908153
12333,0.097357,0.0873899,0.915099,0.915104
12337,0.0668134,0.0599664,0.921136,0.921142
12338,0.0212531,0.0190712,0.92144,0.921445
12339,0.0399127,0.0358327,0.930812,0.930817
12341,0.00600739,0.0054298,0.991964,0.991966
12342,0.0160655,0.0144721,0.992107,0.992108
12343,0.0133701,0.0120503,0.992399,0.9924
12344,0.0177846,0.0160235,0.992643,0.992645
12346,0.0641425,0.0519779,0.946178,0.946183
12347,0.0113676,0.010298,0.946062,0.946067
12348,0.053818,0.0437415,0.942552,0.942556
12349,0.00958061,0.00859545,0.940351,0.940354
12356,0.0595786,0.0535093,0.94859,0.948594
12357,0.00831966,0.00747054,0.949927,0.949932
12359,0.0642961,0.0577069,0.945118,0.945122
12360,0.0645636,0.0579585,0.944632,0.944636
12362,0.0663488,0.0595693,0.942575,0.94258
12364,0.124916,0.103423,0.942706,0.942711
12366,0.0153345,0.0137682,0.943935,0.943941
12371,0.00312969,0.00282669,0.948835,0.948841
12372,0.0312005,0.0228393,0.946822,0.946828
12373,0.0369859,0.0331945,0.944786,0.944791
12374,0.0329633,0.0295728,0.945544,0.945549
12375,0.032809,0.0294369,0.942918,0.942922
12376,0.0326195,0.0292659,0.940078,0.940082
12377,0.0330529,0.0296602,0.945776,0.945781
12378,0.032611,0.0292717,0.945555,0.945559
12379,0.0365022,0.0327676,0.947485,0.94749
12383,0.0347768,0.0312159,0.969734,0.96974
12384,0.0338057,0.0303347,0.967464,0.967468
12385,0.0102349,0.00469844,0.970375,0.970382
12387,0.0352615,0.0316486,0.967736,0.96774
12388,0.0338057,0.030321,0.967461,0.967465
12394,0.0386903,0.0347764,0.969024,0.969029
12395,0.0455014,0.0408374,0.969292,0.969297
12396,0.036681,0.0329264,0.969327,0.969333
12403,0.0288099,0.0258613,0.964949,0.964953
12404,0.0267299,0.0239907,0.966439,0.966444
12405,0.0327323,0.0293785,0.957444,0.95745
12406,0.0335561,0.0301303,0.965469,0.965474
12407,0.0253288,0.0168077,0.961394,0.9614
12408,0.0422805,0.0379414,0.945761,0.945766
12409,0.0167307,0.0150185,0.94877,0.948775
12410,0.034962,0.0313716,0.953406,0.953412
12411,0.00537972,0.00486168,0.946979,0.946985
12412,0.0200296,0.0179854,0.960445,0.960448
12416,0.00326573,0.0029208,0.963575,0.963586
12423,0.00989198,0.00897945,0.996893,0.996894
12424,0.00948454,0.00853978,0.992224,0.992226
12425,0.0167702,0.0151059,0.992593,0.992595
12473,0.0175244,0.0157721,0.971261,0.971378
12474,0.0476727,0.0428121,0.967726,0.967845
12478,0.0322881,0.0289925,0.9675,0.967617
12479,0.0326255,0.0292818,0.965531,0.965645
12480,0.0317814,0.0285203,0.955861,0.95597
12481,-99.0,0.0121433,0.946662,0.946783
12482,0.0181052,0.016247,0.955168,0.955274
12485,0.0335731,0.0301329,0.961356,0.961467
12486,0.030743,0.027601,0.961023,0.961135
12498,0.0180664,0.0162078,0.968533,0.968642
12499,0.0295717,0.0265208,0.967394,0.967504
12500,0.00760819,0.0068212,0.96701,0.967133
12501,0.00039332,0.000351186,0.978003,0.978085
12502,0.0203249,0.0180723,0.905875,0.906292
12512,0.0342237,0.0307011,0.967889,0.968005
12513,0.0345378,0.0309957,0.962489,0.962598
12514,0.0326277,0.0292832,0.968436,0.968551
12515,0.0186512,0.0167391,0.965537,0.965649
12516,0.0289713,0.0260071,0.970128,0.970239
12517,9.8079e-05,7.85587e-05,1.03071,1.03082
12521,0.0355694,0.0319314,0.969653,0.969771
12523,0.0240572,0.0215826,0.924603,0.924711
12527,0.0341207,0.0235809,0.84226,0.842353
12532,0.0299694,0.0268895,0.843416,0.843514
12534,0.0300944,0.0269938,0.8802,0.880305
12535,0.0181193,0.0162786,0.884604,0.8847
12536,0.0232881,0.0209012,0.875771,0.875867
12537,0.0253838,0.0227891,0.892209,0.892312
12538,0.0054586,0.00488789,0.895711,0.89581
12539,0.0308224,0.0273828,0.905184,0.905291
12541,0.0326133,0.0292565,0.969804,0.969916
12542,0.033071,0.0297071,0.970763,0.97087
12543,0.0455255,0.0408449,0.96994,0.970051
12544,0.012929,0.0116271,0.969262,0.969379
12547,0.0339447,0.0304574,0.972666,0.972771
12549,0.0344148,0.0308769,0.970491,0.9706
12550,0.0349223,0.0313421,0.970776,0.970886
12551,0.032761,0.0293901,0.971178,0.971287
12552,0.0317005,0.0284438,0.970909,0.971013
12553,0.0367581,0.0329768,0.968893,0.969006
12554,0.0325262,0.0292018,0.964343,0.964452
12556,0.0274363,0.0243386,0.968662,0.968768
12558,-99.0,0.0155902,0.947762,0.947871
12559,-99.0,0.038516,0.927313,0.927422
12565,-99.0,0.0379649,0.954019,0.954123
12566,-99.0,0.0392956,0.963017,0.963119
12567,-99.0,0.0387171,0.97266,0.972767
12568,-99.0,0.0383185,0.968674,0.968784
12569,-99.0,0.0418592,0.95543,0.955539
12570,-99.0,0.0410193,0.969031,0.969133
12571,-99.0,0.0190284,0.952592,0.952697
12572,-99.0,0.0380491,0.956474,0.956578
12574,-99.0,0.0379548,0.95555,0.95566
12577,0.0345312,0.00726931,0.960429,0.960544
12580,-99.0,0.0428618,0.949888,0.949994
12581,-99.0,0.0384817,0.953685,0.953796
12582,-99.0,0.037265,0.969905,0.970012
12583,-99.0,0.0373525,0.967687,0.967803
12584,-99.0,0.0377765,0.957127,0.957237
12585,-99.0,0.0383078,0.951407,0.951513
12586,-99.0,0.0386498,0.958479,0.958584
12589,-99.0,0.0418192,0.955263,0.955368
12590,-99.0,0.0241141,0.951022,0.951126
12592,-99.0,0.0151632,0.957546,0.957646
12593,-99.0,0.0347662,0.96858,0.968688
12597,-99.0,0.0382463,0.961679,0.961787
12598,-99.0,0.0333886,0.960999,0.961113
12599,-99.0,0.00465485,0.968105,0.968207
12614,-99.0,0.0381567,0.971173,0.971273
12618,-99.0,0.0126259,0.944182,0.944284
12619,0.0295711,0.0265123,0.947616,0.947722
12620,0.0274454,0.0246554,0.964999,0.965108
12623,0.0150074,0.0135031,0.947147,0.947249
12627,0.0416999,0.037402,0.970531,0.97064
12628,0.0016347,0.00149413,0.96495,0.965039
12638,0.0445055,0.0399465,0.947034,0.947141
12639,0.00635437,0.0056843,0.970931,0.971042
12641,0.0340946,0.0305879,0.956575,0.956684
12642,0.0096124,0.00860135,0.971639,0.971734
12643,0.0376875,0.0337887,0.943004,0.943109
12644,0.0123368,0.0110741,0.942756,0.942857
12645,0.0296491,0.0265823,0.960598,0.960707
12647,0.0190868,0.0171511,0.944727,0.944835
12653,0.0421516,0.0377997,0.942671,0.936283
12654,0.000693961,0.000636616,0.96443,0.963404
12655,0.0422072,0.0378376,0.961001,0.954059
12656,0.0420949,0.0377384,0.946183,0.940675
12659,0.0422848,0.0379157,0.956143,0.951115
12660,0.0403201,0.0361953,0.970797,0.965233
12661,0.0439272,0.039389,0.971113,0.965537
12662,0.0184718,0.0165835,0.972019,0.967041
12664,0.0155613,0.0126762,0.973369,0.968804
12666,0.00725582,0.00649201,0.973364,0.96402
12671,0.051734,0.0464041,0.946648,0.941382
12673,0.0441238,0.0395827,0.947075,0.941957
12674,0.0519599,0.0465917,0.926875,0.921139
12678,0.0121529,0.010902,0.937012,0.933436
12679,0.0420504,0.0377223,0.930807,0.925272
12680,0.0424766,0.0380749,0.932559,0.928398
12681,0.00405714,0.00362505,0.934843,0.926768
12682,0.0462718,0.0411628,0.93553,0.931233
12683,0.0428028,0.038366,0.933593,0.928141
12684,0.0319328,0.0286128,0.939713,0.933545
12686,0.0433658,0.0388875,0.933015,0.928643
12687,0.0475297,0.042617,0.93243,0.927999
12688,0.0284111,0.0254666,0.933463,0.929246
12693,0.0443172,0.0397379,0.928254,0.922693
12694,0.0420396,0.037682,0.927103,0.921683
12695,0.0424681,0.0380838,0.926783,0.922591
12697,0.0397548,0.0356329,0.926846,0.922524
12699,0.0338483,0.0303305,0.927727,0.921301
12700,0.0264026,0.0236671,0.9478,0.944561
12701,0.0424184,0.0380343,0.948825,0.944097
12702,0.0418921,0.0375477,0.950214,0.94475
12706,0.049785,0.0446275,0.950598,0.944934
12707,0.0521535,0.0467742,0.95186,0.946745
12708,0.0505106,0.0452781,0.95095,0.946358
12709,0.049634,0.0444928,0.950513,0.945786
12710,0.0505964,0.0453735,0.950886,0.946313
12711,0.0512842,0.046035,0.951237,0.947565
12713,0.00164065,0.00145678,0.954721,0.947984
12714,0.0526693,0.0472139,0.949217,0.944582
12715,0.0527213,0.0472666,0.951484,0.946483
12721,0.0554032,0.0496942,0.949387,0.94516
12722,0.0466537,0.0418324,0.948256,0.943702
12726,0.0388942,0.0348747,0.957965,0.951495
12728,0.0359781,0.0322573,0.957544,0.950439
12729,0.0564475,0.0505914,0.957266,0.950317
12732,0.0537559,0.048187,0.952546,0.947718
12733,0.0281579,0.0252694,0.951749,0.946473
12734,0.025456,0.0228194,0.951207,0.946948
12735,0.0521487,0.0467564,0.95111,0.945439
12737,0.00531893,0.00477164,0.950236,0.943512
12738,0.0485405,0.0435297,0.947998,0.941938
12739,0.000826003,0.000752784,0.956695,0.951226
12740,0.0340478,0.0305349,0.947682,0.941823
12742,0.031116,0.0279123,0.946556,0.940579
12743,0.0254515,0.0228397,0.948855,0.943348
12767,0.0388655,0.034853,0.950086,0.945247
12768,0.0195365,0.0175644,0.950358,0.945801
12769,0.035837,0.0321345,0.947438,0.942329
12770,0.0734105,0.0658545,0.947665,0.942572
12771,0.0734057,0.0658053,0.947452,0.942032
12772,0.0784766,0.0703641,0.947702,0.942157
12773,0.0467734,0.041975,0.947833,0.942643
12778,0.0710386,0.0637096,0.946777,0.942146
12779,0.0429371,0.0385107,0.947468,0.943322
12781,0.0445122,0.0399121,0.947089,0.94244
12782,0.0277319,0.0245601,0.946814,0.942006
12796,0.00338293,0.00303239,0.964549,0.960398
12797,0.0372331,0.0333821,0.947899,0.943781
12798,0.0356177,0.0319386,0.947902,0.943735
12799,0.0384184,0.0344482,0.948394,0.943133
12801,0.0492484,0.0441466,0.948362,0.943933
12802,0.0446244,0.0399898,0.947746,0.943912
12813,0.0652653,0.0585459,0.948596,0.944052
12814,0.0497297,0.0445872,0.94756,0.942175
12815,0.0511599,0.0458632,0.946821,0.942247
12816,0.0503699,0.0451735,0.948543,0.943977
12817,0.0528558,0.0473818,0.947962,0.943424
12819,0.0503758,0.0451731,0.948047,0.943866
12820,0.0744803,0.0667768,0.948263,0.943174
12824,0.0489644,0.0439079,0.948637,0.944104
12825,0.049583,0.0444574,0.952094,0.947312
12826,0.0509024,0.0456494,0.948423,0.943433
12827,0.0499617,0.0447899,0.947425,0.943351
12828,0.0511073,0.0458212,0.949079,0.944026
12829,0.0500558,0.0448648,0.953222,0.948548
12830,0.0333949,0.0299331,0.951802,0.946321
12894,0.0514811,0.0461564,0.961968,0.959117
12896,0.0432688,0.0387931,0.958018,0.955743
12897,0.0320236,0.0287766,0.96034,0.957434
12902,0.0201677,0.0181434,0.963895,0.961659
12903,0.00503924,0.00187624,0.968714,0.966307
12904,0.0407176,0.0365614,0.961264,0.958677
12906,0.0437142,0.0392034,0.960918,0.958178
12907,0.0544195,0.0488007,0.961563,0.958999
12908,0.0450199,0.0403735,0.961912,0.958898
12909,0.0546091,0.0489636,0.961214,0.958795
12911,0.00464787,0.00416045,0.965199,0.962789
12912,0.0422185,0.0378917,0.961416,0.958356
12913,0.00503232,0.00452048,0.957101,0.954967
12914,0.0167141,0.0149766,0.960238,0.956956
12915,0.0321861,0.0281131,0.959731,0.957212
12916,0.0419431,0.0376072,0.9598,0.957156
12917,0.0421084,0.0377691,0.960661,0.958021
12918,0.0427536,0.0383568,0.959853,0.95696
12919,0.0419941,0.0376852,0.959843,0.957251
12920,0.0453407,0.0406573,0.960107,0.957468
12921,0.015084,0.013516,0.960096,0.957466
12932,0.0448006,0.0401667,0.962051,0.959457
12933,0.0409915,0.036749,0.962628,0.96004
12934,0.022281,0.0195017,0.950113,0.947551
12935,0.0454965,0.0407854,0.962432,0.959899
12936,0.042024,0.0377189,0.963839,0.96129
12939,0.0497481,0.0446115,0.963599,0.961073
12940,0.0443184,0.0397636,0.964407,0.961869
12946,0.0172501,0.0149988,0.963911,0.961404
12957,0.0400639,0.0359213,0.963793,0.961289
12961,0.0433227,0.0388341,0.963979,0.961492
12962,0.0216426,0.0193925,0.965013,0.962537
12963,0.0156626,0.0140531,0.96333,0.960803
12965,0.0563602,0.0505289,0.968988,0.966526
12968,0.0440677,0.0395007,0.96829,0.965823
12969,0.0480662,0.0430789,0.968811,0.966343
12970,0.0468317,0.0420064,0.972337,0.969835
12971,0.0492693,0.0441512,0.976064,0.973632
12972,0.0394738,0.0353741,0.975731,0.973238
12975,0.0214939,0.0192802,0.975845,0.973367
12976,0.0278624,0.024976,0.976079,0.973663
12977,0.0129376,0.0116019,0.975437,0.972935
12979,0.00711215,0.00637626,0.974621,0.972132
12980,0.0111678,0.0100216,0.974673,0.972215
12982,0.0537827,0.0482115,0.980193,0.977495
12983,0.0534352,0.0479247,0.979436,0.976837
12984,0.0102852,0.00932266,0.979987,0.977529
12986,0.0547156,0.0490543,0.981015,0.978532
12987,0.0549694,0.0493038,0.979779,0.977267
12988,0.0555162,0.0497797,0.976656,0.974134
12989,0.0149931,0.013439,0.980908,0.978394
13000,0.0468754,0.0420172,0.973921,0.971362
13029,0.0477486,0.0428072,0.974534,0.972116
13030,0.0507787,0.045528,0.974132,0.971761
13034,0.0486062,0.0435832,0.974277,0.971868
13035,0.0374908,0.0336411,0.974666,0.972237
13036,0.0181545,0.0163112,0.974968,0.972507
13038,0.0700098,0.0627802,0.976121,0.973625
13039,0.05552,0.0497984,0.975615,0.973174
13040,0.0589656,0.0528696,0.976385,0.973925
13044,0.0486623,0.0436298,0.976658,0.973817
13045,0.045757,0.041113,0.976649,0.974346
13048,0.00110265,0.00102802,0.975615,0.97284
13049,0.0471684,0.0423277,0.974011,0.971078
13050,0.0464203,0.0416158,0.971746,0.969337
13051,0.0450446,0.0404009,0.970494,0.96741
13052,0.0345382,0.0309938,0.969343,0.966828
13053,0.0231298,0.0207277,0.970919,0.967993
13054,0.0457541,0.0410317,0.970169,0.967331
13055,0.0341633,0.0306249,0.973803,0.971202
13058,0.0487264,0.0436778,0.975222,0.972819
13059,0.0412017,0.0369446,0.976015,0.972785
13060,0.0492809,0.0441717,0.975747,0.973199
13061,0.0498377,0.0446735,0.97628,0.973333
13062,0.0515543,0.0462391,0.975501,0.97262
13063,0.0542744,0.0486673,0.975714,0.973176
13305,0.0260488,0.0233874,0.96874,0.968744
13306,0.0314829,0.028247,0.964929,0.964934
13307,0.0313908,0.0281883,0.96207,0.962075
13308,0.0333889,0.0299594,0.960734,0.960739
13309,0.0312104,0.0280194,0.958522,0.958526
13314,0.0304867,0.0273605,0.952214,0.952218
13315,0.00953589,0.00857957,0.950716,0.950719
13316,0.00322242,0.00291916,0.958323,0.958326
13317,0.0347498,0.0311946,0.949406,0.949409
13318,0.0361253,0.0324308,0.944563,0.944567
13319,0.0309756,0.0278241,0.943936,0.94394
13322,0.0288864,0.0259413,0.954883,0.954887
13323,0.0320116,0.0287459,0.954987,0.95499
13324,0.0271969,0.0244182,0.954175,0.95418
13325,0.0310328,0.0274813,0.955822,0.955827
13342,0.0122541,0.0109945,0.958575,0.958579
13344,0.0186044,0.0167084,0.955458,0.955462
13353,0.014167,0.0127035,0.845579,0.845585
13357,0.0459102,0.0411826,0.962201,0.962205
13358,0.0418065,0.0374948,0.961543,0.961547
13359,0.041205,0.0369504,0.962626,0.96263
13360,0.0497609,0.0446254,0.963299,0.963303
13361,0.0492888,0.0442051,0.964477,0.964481
13362,0.0377395,0.03385,0.964956,0.964961
13363,0.0431363,0.038716,0.966226,0.966229
13364,0.0432112,0.0384291,0.964303,0.964306
13368,0.0359539,0.0322539,0.958068,0.958071
13369,0.0426745,0.0382812,0.956959,0.956964
13370,0.0356933,0.0320141,0.95587,0.955875
13371,0.0178029,0.0160376,0.955725,0.955728
13372,0.0405309,0.0363842,0.962144,0.962148
13373,0.0308009,0.027633,0.961063,0.961065
13381,0.0414495,0.0371581,0.969248,0.969251
13382,0.0413373,0.0370806,0.969524,0.969527
13384,0.0412413,0.0369961,0.968988,0.968991
13385,0.0440166,0.0394705,0.969066,0.96907
13387,0.0415919,0.0373004,0.966871,0.966875
13388,0.042664,0.0379763,0.966036,0.966041
13389,0.020593,0.0181057,0.965866,0.96587
13390,0.00931625,0.00775722,0.964628,0.964632
13391,0.0480656,0.0431108,0.964546,0.96455
13392,0.0118849,0.00995498,0.96506,0.965065
13393,0.0393522,0.0352998,0.964115,0.964118
13394,0.0181529,0.0163465,0.963623,0.963628
13395,0.010422,0.00932977,0.966932,0.966938
13398,0.0415851,0.0372927,0.964005,0.964009
13399,0.00785638,0.00663063,0.964116,0.96412
13400,0.0410924,0.0368513,0.964543,0.964546
13402,0.0406989,0.0365041,0.965053,0.965058
13403,0.0328686,0.0294742,0.964559,0.964562
13406,0.0448195,0.0401949,0.964942,0.964946
13407,0.0565388,0.0507153,0.965218,0.965222
13453,0.0143873,0.0129936,0.921915,0.921921
13454,0.00796434,0.00720362,0.919553,0.919558
13455,0.00668803,0.00604277,0.966737,0.96674
13468,0.0208221,0.0187287,0.966445,0.966449
13470,0.0197032,0.0177337,0.966535,0.966539
13472,0.0200205,0.0180134,0.965533,0.965537
13473,0.0170315,0.0153094,0.966824,0.966828
13474,0.0192062,0.0172702,0.966168,0.966172
13475,0.0145135,0.0130611,0.96547,0.965473
13476,0.0160094,0.0144111,0.964406,0.96441
13477,0.0155674,0.01402,0.965604,0.965608
13478,0.0188348,0.016932,0.964984,0.964989
13479,0.026277,0.023661,0.963464,0.963468
13491,0.0161297,0.0145637,0.97469,0.974694
13492,0.0249158,0.0224178,0.975818,0.975821
13493,0.025522,0.0229619,0.975597,0.9756
13494,0.0240365,0.0216163,0.97594,0.975944
13495,0.0239032,0.0215007,0.976201,0.976204
13496,0.0247259,0.0222477,0.976219,0.976222
13497,0.00971564,0.00874004,0.974868,0.974872
13502,0.0217893,0.0196067,0.96853,0.968533
13503,0.0217149,0.019539,0.966727,0.96673
13504,0.0222154,0.0198476,0.966602,0.966605
13505,0.0225967,0.0203213,0.965836,0.96584
13544,0.0209885,0.0188718,0.963766,0.963768
13545,0.0209421,0.0188299,0.966407,0.96641
13546,0.0211953,0.0190564,0.966407,0.96641
13547,0.0213906,0.0192339,0.966828,0.96683
13548,0.022576,0.0203038,0.966826,0.966829
13549,0.0286832,0.0258088,0.96694,0.966944
13550,0.0163153,0.0147212,0.966368,0.966371
13551,0.00149524,0.00135941,0.966788,0.966789
13552,0.00996595,0.00895693,0.968317,0.968321
13554,0.00496857,0.00450273,0.969932,0.969933
13556,0.0172191,0.015489,0.971119,0.971121
13557,0.010543,0.00949024,0.97013,0.970133
13558,0.0174645,0.0157081,0.967909,0.967912
13559,0.0165955,0.0149266,0.968081,0.968084
13560,0.0167492,0.0150673,0.967753,0.967758
13561,0.0174426,0.0156886,0.967585,0.967589
13562,0.0163872,0.0147391,0.968379,0.968383
13563,0.0168024,0.0151036,0.968732,0.968735
13564,0.0176515,0.0158743,0.96972,0.969723
13565,0.0161046,0.0144923,0.970899,0.970903
13566,0.0215231,0.0193801,0.968832,0.968836
13567,0.0182692,0.0164282,0.968762,0.968764
13568,0.0178798,0.016087,0.968529,0.968531
13569,0.0178639,0.0160593,0.9692,0.969204
13570,0.0174241,0.01567,0.969667,0.969671
13571,0.0178153,0.0160157,0.969287,0.969291
13581,0.0116711,0.0105143,0.968314,0.968317
13582,0.0202999,0.0182867,0.968887,0.968891
13583,0.0205165,0.0184525,0.967723,0.967726
13584,0.0206213,0.018542,0.967954,0.967956
13585,0.0218082,0.0196272,0.969349,0.969353
13586,0.0081993,0.00736861,0.971655,0.971659
13587,0.0213441,0.0191965,0.966906,0.966909
13588,0.0210317,0.0189745,0.972573,0.972576
13589,0.0208464,0.0187461,0.970591,0.970594
13590,0.00248338,0.00224019,0.969575,0.969578
13591,0.0233731,0.0210237,0.976917,0.97692
13592,0.000847439,0.00101527,0.987305,0.987308
13593,0.00815863,0.00736507,0.976387,0.97639
13596,0.017631,0.0158561,0.977505,0.977508
13597,-99.0,0.012419,0.976852,0.976856
13608,0.0170994,0.0153782,0.967897,0.967901
13609,0.0167605,0.0150801,0.967055,0.967059
13610,0.0170128,0.0153057,0.967766,0.967769
13612,0.0210156,0.0188852,0.968426,0.968429
13613,0.0179855,0.0161684,0.968288,0.968291
13614,0.00471471,0.00424375,0.946628,0.946631
13615,0.022459,0.0202006,0.969919,0.969921
13616,0.0218566,0.0196534,0.969115,0.969118
13617,0.0222925,0.020033,0.968986,0.96899
13618,0.0222897,0.0200305,0.968929,0.968932
13619,0.00178392,0.00167564,0.966978,0.966981
13620,0.0201287,0.0181309,0.970716,0.970719
13660,0.0027775,0.00254258,0.980071,0.980073
13661,0.021546,0.0193945,0.97563,0.975634
13662,0.0204,0.0183652,0.96341,0.963415
13664,0.0167934,0.0150998,0.962755,0.962759
13665,0.0102542,0.0092472,0.962997,0.963001
13666,0.0133544,0.0120509,0.962036,0.96204
13677,0.0344728,0.0309116,0.960035,0.96004
13678,0.0290019,0.026066,0.961562,0.961564
13679,0.0341036,0.0305753,0.957196,0.9572
13680,0.0334857,0.0300274,0.957544,0.957549
13681,0.0393318,0.0352728,0.957218,0.957222
13682,0.00237707,0.00211999,0.966074,0.966076
13684,0.0414007,0.0371281,0.954855,0.954858
13685,0.0402239,0.036081,0.957893,0.957896
13686,0.0689386,0.0615844,0.954101,0.954105
13687,0.0688666,0.0617675,0.942316,0.94232
13688,0.0347414,0.0311507,0.946537,0.946541
13689,0.0082891,0.00493796,0.954608,0.954612
13694,0.0685916,0.0615296,0.956643,0.956647
13695,0.0193674,0.0173658,0.955921,0.955924
13698,0.00210716,0.00190175,0.949134,0.949137
13699,0.0221985,0.0199993,0.956659,0.956664
13700,0.0165189,0.0149371,0.954203,0.954208
13710,-99.0,0.00832891,0.948793,0.948797
13711,-99.0,0.00522394,0.949834,0.94984
13712,0.0852457,0.0763974,0.950815,0.950819
13714,0.0836207,0.0749529,0.941172,0.941177
13715,0.0828236,0.0742229,0.952461,0.952467
13716,0.0820648,0.0735536,0.935325,0.93533
13717,0.020922,0.0187537,0.935827,0.935831
13721,0.0486308,0.0435925,0.938205,0.93821
13723,0.0949015,0.0850759,0.952694,0.952699
13724,0.016883,0.0145017,0.955496,0.955501
13727,0.0822251,0.0737204,0.942789,0.942794
13728,0.0824066,0.0738623,0.942276,0.94228
13729,0.0849996,0.0762218,0.95758,0.957585
13731,0.0844122,0.0756742,0.958589,0.958593
13732,0.0902451,0.0809645,0.962158,0.962162
13734,0.0808851,0.0725146,0.965349,0.965353
13736,0.0858116,0.0769201,0.965558,0.965562
13737,0.0277205,0.0237798,0.963646,0.963651
13746,0.0609275,0.0546688,0.961174,0.961179
13748,0.0866469,0.0776923,0.956152,0.956155
13749,0.0596859,0.0525515,0.958676,0.95868
13753,0.0602059,0.0540108,0.961723,0.961727
13754,0.00393575,0.00356059,0.958916,0.958921
13755,0.0504041,0.0442855,0.953657,0.953661
13756,0.00221389,0.00147932,0.966261,0.966261
13757,0.00215046,0.00147072,0.962895,0.962893
13758,0.00219645,0.00146646,0.961501,0.961506
13760,0.00212486,0.00144441,0.970743,0.970746
13761,0.0126315,0.00146737,0.966354,0.966356
13764,0.0423307,0.0379567,0.958697,0.958699
13765,0.0442938,0.0397089,0.961957,0.96196
13766,0.0446992,0.0400685,0.96717,0.967173
13767,0.0379721,0.0340459,0.960006,0.960009
13770,0.0453756,0.0406726,0.955039,0.955043
13771,0.0191226,0.00980597,0.951157,0.951159
13773,0.0434849,0.0390088,0.953171,0.953175
13775,0.0160538,0.0144313,0.957526,0.95753
13776,0.0631364,0.0565864,0.950202,0.950205
13777,0.0433373,0.0388474,0.963656,0.963659
13778,0.088286,0.0791555,0.950004,0.950007
13779,0.0876213,0.0785586,0.949878,0.949881
13793,0.0267659,0.0240071,0.951103,0.951107
13797,0.0507723,0.045499,0.95295,0.952953
13798,0.0427832,0.0383296,0.963683,0.963687
13799,0.0397535,0.035655,0.956673,0.956677
