sbsconfig,runnum,target,sbsmagcurr(A),bbmagcurr(A),ebeam_mean(GeV),ebeam_std(GeV),totcharge_bob(C),totcharge_pd(C),daqlvtm_bbhi,daqlvtm_ts1
4,11449,LD2,630,750,3.739548005416666,0.0002278843796234,-0.000438616,0.00290568,0.930779,0.930785
4,11451,LD2,630,750,3.739344344459459,0.0002145068281516,-5.51695e-05,0.00217609,0.861596,0.861605
4,11452,LD2,630,750,3.739436023650793,0.0001282019777107,-99.0,0.00898508,0.936185,0.936191
4,11456,LD2,630,750,3.739413755833332,0.00017533923785,-99.0,0.00757034,0.886523,0.886531
4,11493,LD2,630,750,3.739209929407407,0.0003460819362294,-8.80849e-05,0.00236925,0.976892,0.976899
4,11494,LD2,630,750,3.739075018118279,0.0001024818914696,-7.29468e-05,0.00346013,0.976594,0.976598
4,11495,LD2,630,750,3.7391588445454538,0.000107082857082,-2.93449e-05,0.00342057,0.976329,0.976333
4,11496,LD2,630,750,3.739081594938271,8.792006787844329e-05,-8.45714e-05,0.00304391,0.976095,0.976099
4,11551,LD2,630,750,3.739208467121212,0.000187314967793,-9.23444e-05,0.00132071,0.872639,0.872648
4,11554,LD2,630,750,3.7391762575438574,0.0001990087476205,-6.7662e-05,0.000869628,0.867828,0.867837
4,11562,LD2,630,750,3.739323417,0.0001344811046525,-3.93674e-05,0.00336828,0.865795,0.865803
4,11563,LD2,630,750,3.739350498,4.410159558703917e-05,-7.87472e-05,0.00075669,0.848635,0.848644
4,11564,LD2,630,750,3.7393405974193534,3.555915956960639e-05,-7.84526e-05,0.00192168,0.850195,0.850203
4,11565,LD2,630,750,3.739309255595238,0.0001227875723405,-0.000353761,0.00251332,0.853931,0.85394
4,11568,LD2,630,750,3.739336986321838,4.909433191155833e-05,-3.90594e-05,0.00269407,0.850224,0.850232
4,11570,LD2,630,750,3.739298871886792,0.0001268487115402,-0.000101488,0.00145423,0.851025,0.851032
4,11571,LD2,630,750,3.739315679571429,8.992080111817231e-05,-6.58711e-05,0.00206349,0.841798,0.841804
4,11579,LD2,0,750,3.739322573681592,9.73018283198522e-05,-8.45771e-05,0.00584684,0.897803,0.897811
4,11580,LD2,0,750,3.73932753275862,9.87073110890776e-05,-6.76575e-05,0.00170179,0.897183,0.89719
4,11581,LD2,0,750,3.739328092957746,9.65558563792464e-05,-2.62179e-05,0.00411985,0.897953,0.89796
4,11582,LD2,0,750,3.739303790113636,0.0001025613249404,-2.63756e-05,0.00253737,0.899002,0.899009
4,11583,LD2,0,750,3.7391904867934778,0.0001746337205966,-5.32443e-05,0.00336685,0.898854,0.898861
4,11586,LD2,0,750,3.739278017472527,0.0001299022799155,-8.45711e-05,0.00483441,0.899036,0.899043
4,11593,LD2,1050,750,3.739330117514792,0.0002054423256623,-0.000444603,0.00392495,0.755729,0.755738
4,11594,LD2,1050,750,3.739333538181817,0.0001890083768819,-6.58162e-05,0.00108199,0.748213,0.748222
4,11595,LD2,1050,750,3.7394342126785705,7.253997284224385e-05,-3.93755e-05,0.00170929,0.746432,0.746439
4,11597,LD2,1050,750,3.7394342126785705,7.253997284224385e-05,-1.0,-1.0,-1.0,-1.0
7,11996,LD2,1785,750,7.9308120075,0.000558672076464,0.00757565,0.00651399,0.889209,0.890613
7,11997,LD2,1785,750,7.931054356629212,0.0002551340950316,0.00405946,0.00342614,0.882823,0.885036
7,11998,LD2,1785,750,7.930868755373134,0.0008168914681141,0.0172768,0.0155879,0.889647,0.890296
7,11999,LD2,1785,750,7.930974813349753,0.0007954084546781,0.0182564,0.0164604,0.902916,0.903485
7,12001,LD2,1785,750,7.930663327499998,0.0008606310657801,0.0143517,0.0129417,0.904671,0.905273
7,12002,LD2,1785,750,7.9310822776354675,0.0009862702407397,0.0143176,0.0129081,0.914322,0.915108
7,12004,LD2,1785,750,7.930917715833332,0.0005337202910184,0.0121402,0.0109482,0.916296,0.917144
7,12006,LD2,1785,750,7.931004347499999,0.0010152610319566,0.0140047,0.0126405,0.919109,0.919954
7,12013,LD2,1785,750,7.931136556666665,0.0003956300369434,0.0137957,0.0123916,0.984993,0.98609
7,12014,LD2,1785,750,7.930992834569892,0.0006143852954401,0.00454582,0.00409855,0.990874,0.99308
7,12017,LD2,1785,750,7.93117956369458,0.0004876944990295,0.0304196,0.0273946,0.992092,0.992416
7,12019,LD2,1785,750,7.931130451280787,0.0005111801718805,0.0218889,0.0197013,0.988741,0.989357
7,12021,LD2,1785,750,7.930735328571428,0.000570876483512,0.0143308,0.0129128,0.98526,0.98532
7,12029,LD2,1785,750,7.930836616748768,0.0007591035965608,0.0321254,0.0289188,0.986363,0.986747
7,12030,LD2,1785,750,7.930792000541871,0.0006473675868283,0.0311581,0.0280898,0.985465,0.985838
7,12038,LD2,1785,750,7.930721444679802,0.0003971279856074,0.00769285,0.00692662,0.984729,0.986443
7,12039,LD2,1785,750,7.930700425641025,0.0001210169475683,0.00305357,0.00149455,0.978197,0.98641
7,12040,LD2,1785,750,7.930749781739129,0.0003146768272898,0.000687974,0.000620016,0.968773,0.98541
7,12041,LD2,1785,750,7.930698678333333,0.0004144008078302,0.00727738,0.00655155,0.987327,0.98917
7,12042,LD2,1785,750,7.930682609310343,0.0003539962492803,0.00758119,0.00682457,0.987879,0.989574
7,12043,LD2,1785,750,7.930815127692307,0.0002199508105564,0.0099621,0.00895837,0.988934,0.989952
7,12044,LD2,1785,750,7.930617339432989,0.0003479794792837,0.00779701,0.00701956,0.987856,0.98943
7,12045,LD2,1785,750,7.930592339310344,0.0004030941317237,0.00606145,0.0054707,0.987203,0.98961
7,12046,LD2,1785,750,7.930381066995073,0.0004376311382029,0.00576199,0.00521427,0.99051,0.990583
7,12047,LD2,1785,750,7.930880145960589,0.0003806008844094,0.00777126,0.00699298,0.988883,0.990369
7,12048,LD2,1785,750,7.930782041953124,0.0004128957772019,0.00428328,0.00384835,0.988594,0.991586
7,12050,LD2,1785,750,7.930535886735751,0.0004149097265557,0.0371329,0.0335022,0.990088,0.990335
7,12051,LD2,1785,750,7.930668181921182,0.0002525663348327,0.0269409,0.0242493,0.988399,0.98892
7,12055,LD2,1785,750,7.930260554166666,0.0002381922601148,0.0238289,0.0214874,0.953623,0.953829
7,12056,LD2,1785,750,7.930811022955663,0.0005112947621976,0.0207767,0.0186954,0.954322,0.954928
7,12057,LD2,1785,750,7.930813839261083,0.0005233809557308,0.023943,0.0215622,0.954996,0.955501
7,12059,LD2,1785,750,7.930859097783251,0.000444947913678,0.0179024,0.0161023,0.955895,0.955954
7,12060,LD2,1785,750,7.930650789999999,0.000572644050578,0.00960883,0.00869104,0.955877,0.956325
7,12062,LD2,1785,750,7.931079823249999,0.0003628682558066,0.0219752,0.0197624,0.954832,0.95546
7,12063,LD2,1785,750,7.930977827290639,0.0004992977369826,0.0184867,0.0166414,0.955626,0.955688
7,12065,LD2,1785,750,7.930936202499999,0.0005577819677424,0.0226564,0.0203831,0.954915,0.954974
7,12066,LD2,1785,750,7.930732808719211,0.0006312519128624,-99.0,0.00416998,0.919763,0.919859
7,12068,LD2,1785,750,7.931267193679999,0.0002103737170186,0.0175158,0.0157438,0.987476,0.988267
7,12069,LD2,1785,750,7.93114409029197,0.0006017277439892,-99.0,0.00429183,0.907168,0.909964
7,12070,LD2,1785,750,7.931074088617884,0.0004889669636874,-99.0,0.00391913,0.983747,0.986788
7,12071,LD2,1785,750,7.931032028817734,0.0005198527456761,0.013201,0.0118818,0.988961,0.989977
7,12073,LD2,1785,750,7.931036623842363,0.0005241567816186,0.0101138,0.00910812,0.988781,0.989891
11,12314,LD2,2100,750,9.88870426393899,0.0003162078047177,0.0490714,0.0440307,0.434349,0.434355
11,12315,LD2,2100,750,9.888707548625304,0.0003933323182735,0.0648928,0.0452146,0.9108,0.910804
11,12316,LD2,2100,750,9.88889035103448,0.0003163301239384,0.0107998,0.00898726,0.910463,0.910469
11,12318,LD2,2100,750,9.88921937818701,0.0001078516784785,0.0180491,0.0164236,0.93092,0.930925
11,12319,LD2,2100,750,9.8892787175,0.0004416286767445,0.0159649,0.0143198,0.914444,0.914449
11,12321,LD2,2100,750,9.889070303440858,0.0003490474656101,0.00574362,0.00515549,0.902837,0.90284
11,12322,LD2,2100,750,9.889136407192115,0.0003470164127304,0.0276986,0.0244069,0.910299,0.910305
11,12323,LD2,2100,750,9.889332633614458,0.0003368766186263,0.00455063,0.00408657,0.908146,0.908153
11,12333,LD2,2100,750,9.888885786517132,0.0002253132379638,0.097357,0.0873899,0.915099,0.915104
11,12337,LD2,2100,750,9.888971431404336,0.0003070718342661,0.0668134,0.0599664,0.921136,0.921142
11,12338,LD2,2100,750,9.889103086358972,0.0001818421082333,0.0212531,0.0190712,0.92144,0.921445
11,12339,LD2,2100,750,9.88912923165488,0.0002791566812783,0.0399127,0.0358327,0.930812,0.930817
11,12341,LD2,2100,750,9.889151923838028,0.0005444361485241,0.00600739,0.0054298,0.991964,0.991966
11,12342,LD2,2100,750,9.889125745559843,0.0001774123843921,0.0160655,0.0144721,0.992107,0.992108
11,12343,LD2,2100,750,9.889221085807126,0.0002739550887332,0.0133701,0.0120503,0.992399,0.9924
11,12344,LD2,2100,750,9.889260338967214,0.000189868215277,0.0177846,0.0160235,0.992643,0.992645
11,12346,LD2,2100,750,9.889342796089158,0.000213077673549,0.0641425,0.0519779,0.946178,0.946183
11,12347,LD2,2100,750,9.88926974583461,0.000150387958746,0.0113676,0.010298,0.946062,0.946067
11,12348,LD2,2100,750,9.889219186385676,0.0002393911714729,0.053818,0.0437415,0.942552,0.942556
11,12349,LD2,2100,750,9.88921424763975,0.0001536098308963,0.00958061,0.00859545,0.940351,0.940354
11,12356,LD2,2100,750,9.888937963580355,0.0002914242497057,0.0595786,0.0535093,0.94859,0.948594
11,12357,LD2,2100,750,9.889217091325966,0.0001926453260279,0.00831966,0.00747054,0.949927,0.949932
11,12359,LD2,2100,750,9.889236618284883,0.0002118616262135,0.0642961,0.0577069,0.945118,0.945122
11,12360,LD2,2100,750,9.889193708026433,0.0002739217939111,0.0645636,0.0579585,0.944632,0.944636
11,12362,LD2,2100,750,9.889131824050631,0.0002427642523785,0.0663488,0.0595693,0.942575,0.94258
11,12364,LD2,2100,750,9.889067126057109,0.0001850515219895,0.124916,0.103423,0.942706,0.942711
11,12366,LD2,2100,750,9.889148113420074,0.000265337061487,0.0153345,0.0137682,0.943935,0.943941
11,12371,LD2,2100,750,9.889217748613138,4.572225621633755e-05,0.00312969,0.00282669,0.948835,0.948841
11,12372,LD2,2100,750,9.889077885918368,0.0002213774040164,0.0312005,0.0228393,0.946822,0.946828
11,12373,LD2,2100,750,9.889086544716006,0.000188303060389,0.0369859,0.0331945,0.944786,0.944791
11,12374,LD2,2100,750,9.889094026666664,0.0001426659031881,0.0329633,0.0295728,0.945544,0.945549
11,12375,LD2,2100,750,9.889095651893491,0.0001406225908908,0.032809,0.0294369,0.942918,0.942922
11,12376,LD2,2100,750,9.889140496297786,0.0001680282745758,0.0326195,0.0292659,0.940078,0.940082
11,12377,LD2,2100,750,9.889193513194709,0.0001403098269697,0.0330529,0.0296602,0.945776,0.945781
11,12378,LD2,2100,750,9.889233407777777,0.0001340146974126,0.032611,0.0292717,0.945555,0.945559
11,12379,LD2,2100,750,9.889177699335391,0.0001598300763023,0.0365022,0.0327676,0.947485,0.94749
11,12383,LD2,2100,750,9.888956323669872,0.0002001343996589,0.0347768,0.0312159,0.969734,0.96974
11,12384,LD2,2100,750,9.88883204321495,0.000199197177512,0.0338057,0.0303347,0.967464,0.967468
11,12385,LD2,2100,750,9.88885407875,0.0001779924845824,0.0102349,0.00469844,0.970375,0.970382
11,12387,LD2,2100,750,9.889125595337518,0.0002127724883344,0.0352615,0.0316486,0.967736,0.96774
11,12388,LD2,2100,750,9.88917136224652,0.0001975591619629,0.0338057,0.030321,0.967461,0.967465
11,12394,LD2,2100,750,9.88915165660138,0.0002134153467427,0.0386903,0.0347764,0.969024,0.969029
11,12395,LD2,2100,750,9.889044702956763,0.0002045098290871,0.0455014,0.0408374,0.969292,0.969297
11,12396,LD2,2100,750,9.88907959652733,0.0001388238054223,0.036681,0.0329264,0.969327,0.969333
11,12403,LD2,2100,750,9.88868056655532,0.0002816508794712,0.0288099,0.0258613,0.964949,0.964953
11,12404,LD2,2100,750,9.88875899772234,0.0002533121183085,0.0267299,0.0239907,0.966439,0.966444
11,12405,LD2,2100,750,9.88880137552783,0.0002384020625566,0.0327323,0.0293785,0.957444,0.95745
11,12406,LD2,2100,750,9.888859689610191,0.0002918302640408,0.0335561,0.0301303,0.965469,0.965474
11,12407,LD2,2100,750,9.888643877348242,0.0002638856471219,0.0253288,0.0168077,0.961394,0.9614
11,12408,LD2,2100,750,9.888643953705971,0.000281085800236,0.0422805,0.0379414,0.945761,0.945766
11,12409,LD2,2100,750,9.88867221231884,0.0003051500508925,0.0167307,0.0150185,0.94877,0.948775
11,12410,LD2,2100,750,9.88910380967071,0.0001219858118356,0.034962,0.0313716,0.953406,0.953412
11,12411,LD2,2100,750,9.88922862904,6.06472730299625e-05,0.00537972,0.00486168,0.946979,0.946985
11,12412,LD2,2100,750,9.889101661197769,0.000168787897202,0.0200296,0.0179854,0.960445,0.960448
11,12416,LD2,2100,750,9.88903838,9.26305480345152e-05,0.00326573,0.0029208,0.963575,0.963586
11,12423,LD2,2100,750,9.88890990481818,0.0002604238262469,0.00989198,0.00897945,0.996893,0.996894
11,12424,LD2,2100,750,9.888757745392487,0.0002108751091481,0.00948454,0.00853978,0.992224,0.992226
11,12425,LD2,2100,750,9.888775012188612,0.0002273917229125,0.0167702,0.0151059,0.992593,0.992595
11,12473,LD2,2100,750,9.888953088260072,0.0003373641891576,0.0175244,0.0157721,0.971261,0.971378
11,12474,LD2,2100,750,9.888927752305936,0.0002072891642849,0.0476727,0.0428121,0.967726,0.967845
11,12478,LD2,2100,750,9.88896869610829,0.000216697960838,0.0322881,0.0289925,0.9675,0.967617
11,12479,LD2,2100,750,9.888844816753926,0.0002297970260697,0.0326255,0.0292818,0.965531,0.965645
11,12480,LD2,2100,750,9.888730205717172,0.0001982845253218,0.0317814,0.0285203,0.955861,0.95597
11,12481,LD2,2100,750,9.888972804801444,0.0002598256076322,-99.0,0.0121433,0.946662,0.946783
11,12482,LD2,2100,750,9.889125784285712,0.0001601991530622,0.0181052,0.016247,0.955168,0.955274
11,12485,LD2,2100,750,9.88893489116451,0.0003702272629607,0.0335731,0.0301329,0.961356,0.961467
11,12486,LD2,2100,750,9.88894071050943,0.0003918237167417,0.030743,0.027601,0.961023,0.961135
11,12498,LD2,2100,750,9.889149274602648,0.0002931311710362,0.0180664,0.0162078,0.968533,0.968642
11,12499,LD2,2100,750,9.88905433160183,0.0001452434436619,0.0295717,0.0265208,0.967394,0.967504
11,12500,LD2,2100,750,9.888994229252337,0.0001189948953298,0.00760819,0.0068212,0.96701,0.967133
11,12501,LD2,2100,750,9.889058439999998,0.0002848855490803,0.00039332,0.000351186,0.978003,0.978085
11,12502,LD2,2100,750,9.888978053040292,0.0001443090583987,0.0203249,0.0180723,0.905875,0.906292
11,12512,LD2,2100,750,9.889032686278194,0.0001568334871851,0.0342237,0.0307011,0.967889,0.968005
11,12513,LD2,2100,750,9.889035136096654,0.0001553079514526,0.0345378,0.0309957,0.962489,0.962598
11,12514,LD2,2100,750,9.889037972125692,0.0001609697853856,0.0326277,0.0292832,0.968436,0.968551
11,12515,LD2,2100,750,9.889037280821915,0.0001872738931256,0.0186512,0.0167391,0.965537,0.965649
11,12516,LD2,2100,750,9.88911384111111,0.0001620457328545,0.0289713,0.0260071,0.970128,0.970239
11,12517,LD2,2100,750,9.8889782,0.0,9.8079e-05,7.85587e-05,1.03071,1.03082
11,12521,LD2,2100,750,9.889064414323483,0.0002142205478092,0.0355694,0.0319314,0.969653,0.969771
11,12523,LD2,2100,750,9.888968432565443,0.000316706471111,0.0240572,0.0215826,0.924603,0.924711
11,12527,LD2,2100,750,9.88911408890351,0.0001747126512086,0.0341207,0.0235809,0.84226,0.842353
11,12532,LD2,2100,750,9.889062935427926,0.0001943065691743,0.0299694,0.0268895,0.843416,0.843514
11,12534,LD2,2100,750,9.888997369891774,0.0001757425050302,0.0300944,0.0269938,0.8802,0.880305
11,12535,LD2,2100,750,9.88909388385135,0.0001708741945935,0.0181193,0.0162786,0.884604,0.8847
11,12536,LD2,2100,750,9.889094692390742,0.000178199837585,0.0232881,0.0209012,0.875771,0.875867
11,12537,LD2,2100,750,9.889084370092164,0.0001589944999886,0.0253838,0.0227891,0.892209,0.892312
11,12538,LD2,2100,750,9.88915446980198,0.0001420394371994,0.0054586,0.00488789,0.895711,0.89581
11,12539,LD2,2100,750,9.88902093944196,0.0001437514176395,0.0308224,0.0273828,0.905184,0.905291
11,12541,LD2,2100,750,9.889009563971772,0.0002347698777686,0.0326133,0.0292565,0.969804,0.969916
11,12542,LD2,2100,750,9.889127786585364,0.0001773261144153,0.033071,0.0297071,0.970763,0.97087
11,12543,LD2,2100,750,9.889127096681412,0.0001578334219774,0.0455255,0.0408449,0.96994,0.970051
11,12544,LD2,2100,750,9.889186157429464,8.718652285237762e-05,0.012929,0.0116271,0.969262,0.969379
11,12547,LD2,2100,750,9.889121667790052,0.0001401466860822,0.0339447,0.0304574,0.972666,0.972771
11,12549,LD2,2100,750,9.888966029209485,0.0002142904944804,0.0344148,0.0308769,0.970491,0.9706
11,12550,LD2,2100,750,9.888938499436366,0.0002391030546286,0.0349223,0.0313421,0.970776,0.970886
11,12551,LD2,2100,750,9.888853688970295,0.000238238056683,0.032761,0.0293901,0.971178,0.971287
11,12552,LD2,2100,750,9.888820902797494,0.0001917007170364,0.0317005,0.0284438,0.970909,0.971013
11,12553,LD2,2100,750,9.88887197480427,0.0002123043225171,0.0367581,0.0329768,0.968893,0.969006
11,12554,LD2,2100,750,9.888920975267858,0.0002132164108966,0.0325262,0.0292018,0.964343,0.964452
11,12556,LD2,2100,750,9.88846919703896,0.0001716008996261,0.0274363,0.0243386,0.968662,0.968768
11,12558,LD2,2100,750,9.888617569104476,0.0002389805844047,-99.0,0.0155902,0.947762,0.947871
11,12559,LD2,2100,750,9.888660963257577,0.0002157545149745,-99.0,0.038516,0.927313,0.927422
11,12565,LD2,2100,750,9.888701084302552,0.0001940714140442,-99.0,0.0379649,0.954019,0.954123
11,12566,LD2,2100,750,9.888623023455343,0.0003940912757203,-99.0,0.0392956,0.963017,0.963119
11,12567,LD2,2100,750,9.888334727313168,0.000346470885501,-99.0,0.0387171,0.97266,0.972767
11,12568,LD2,2100,750,9.888322795611886,0.0004015597488579,-99.0,0.0383185,0.968674,0.968784
11,12569,LD2,2100,750,9.88854305505338,0.0002381296483518,-99.0,0.0418592,0.95543,0.955539
11,12570,LD2,2100,750,9.8884730125,0.0002501632032699,-99.0,0.0410193,0.969031,0.969133
11,12571,LD2,2100,750,9.888696521127272,0.0002877168468199,-99.0,0.0190284,0.952592,0.952697
11,12572,LD2,2100,750,9.888849636830123,0.0002144831854533,-99.0,0.0380491,0.956474,0.956578
11,12574,LD2,2100,750,9.888794353007244,0.0003057622462276,-99.0,0.0379548,0.95555,0.95566
11,12577,LD2,2100,750,9.888664223851851,0.0004122843616665,0.0345312,0.00726931,0.960429,0.960544
11,12580,LD2,2100,750,9.888739123429056,0.0002140435030904,-99.0,0.0428618,0.949888,0.949994
11,12581,LD2,2100,750,9.888912829272238,0.0002837633200981,-99.0,0.0384817,0.953685,0.953796
11,12582,LD2,2100,750,9.888885885842388,0.0003062556713327,-99.0,0.037265,0.969905,0.970012
11,12583,LD2,2100,750,9.8885737904,0.0002805671871195,-99.0,0.0373525,0.967687,0.967803
11,12584,LD2,2100,750,9.888746859724954,0.0002165183359668,-99.0,0.0377765,0.957127,0.957237
11,12585,LD2,2100,750,9.888702676654136,0.000254203853586,-99.0,0.0383078,0.951407,0.951513
11,12586,LD2,2100,750,9.888550467257769,0.0002906992978934,-99.0,0.0386498,0.958479,0.958584
11,12589,LD2,2100,750,9.888661825664844,0.0002662632955638,-99.0,0.0418192,0.955263,0.955368
11,12590,LD2,2100,750,9.888933304952152,0.0003143043934132,-99.0,0.0241141,0.951022,0.951126
11,12592,LD2,2100,750,9.888999631007191,0.0002244741237417,-99.0,0.0151632,0.957546,0.957646
11,12593,LD2,2100,750,9.888964500878592,0.000299633616214,-99.0,0.0347662,0.96858,0.968688
11,12597,LD2,2100,750,9.888872221936682,0.0003794862247778,-99.0,0.0382463,0.961679,0.961787
11,12598,LD2,2100,750,9.888468356863635,0.0002876187494863,-99.0,0.0333886,0.960999,0.961113
11,12599,LD2,2100,750,9.888985077714285,0.000412677849118,-99.0,0.00465485,0.968105,0.968207
11,12614,LD2,2100,750,9.888838581064892,0.0002875661715762,-99.0,0.0381567,0.971173,0.971273
11,12618,LD2,2100,750,9.888912002,0.0003607852564592,-99.0,0.0126259,0.944182,0.944284
11,12619,LD2,2100,750,9.888910679202898,0.0003381332240915,0.0295711,0.0265123,0.947616,0.947722
11,12620,LD2,2100,750,9.888998882299267,0.0002727193833725,0.0274454,0.0246554,0.964999,0.965108
11,12623,LD2,2100,750,9.889024798173718,0.0003294942967409,0.0150074,0.0135031,0.947147,0.947249
11,12627,LD2,2100,750,9.889068174999998,0.0002233109858239,0.0416999,0.037402,0.970531,0.97064
11,12628,LD2,2100,750,9.889149593144651,0.0002438639542219,0.0016347,0.00149413,0.96495,0.965039
11,12638,LD2,2100,750,9.88885233967742,0.0003521500640997,0.0445055,0.0399465,0.947034,0.947141
11,12639,LD2,2100,750,9.888945567183098,0.0001830595184095,0.00635437,0.0056843,0.970931,0.971042
11,12641,LD2,2100,750,9.888901763041666,0.0002811475637053,0.0340946,0.0305879,0.956575,0.956684
11,12642,LD2,2100,750,9.88877524,0.0002364992469332,0.0096124,0.00860135,0.971639,0.971734
11,12643,LD2,2100,750,9.888682229999995,0.0002847230776702,0.0376875,0.0337887,0.943004,0.943109
11,12644,LD2,2100,750,9.8887880725,0.0003857337379754,0.0123368,0.0110741,0.942756,0.942857
11,12645,LD2,2100,750,9.8884854485258,0.000422546007484,0.0296491,0.0265823,0.960598,0.960707
11,12647,LD2,2100,750,9.888781958716049,0.0004270746976339,0.0190868,0.0171511,0.944727,0.944835
11,12653,LD2,2100,750,9.888171361436784,0.000353773081353,0.0421516,0.0377997,0.942671,0.936283
11,12654,LD2,2100,750,9.888237961234566,0.0002298622378044,0.000693961,0.000636616,0.96443,0.963404
11,12655,LD2,2100,750,9.888528776554455,0.0002689440889625,0.0422072,0.0378376,0.961001,0.954059
11,12656,LD2,2100,750,9.888711824111969,0.0002107291784718,0.0420949,0.0377384,0.946183,0.940675
11,12659,LD2,2100,750,9.888813012399297,0.0002746231691733,0.0422848,0.0379157,0.956143,0.951115
11,12660,LD2,2100,750,9.888817897522122,0.0003442824647649,0.0403201,0.0361953,0.970797,0.965233
11,12661,LD2,2100,750,9.888610468526316,0.0002848540750354,0.0439272,0.039389,0.971113,0.965537
11,12662,LD2,2100,750,9.88884686078864,0.0003136544846989,0.0184718,0.0165835,0.972019,0.967041
11,12664,LD2,2100,750,9.888544895240171,0.0004832543171462,0.0155613,0.0126762,0.973369,0.968804
11,12666,LD2,2100,750,9.888524289148934,0.0002958056968762,0.00725582,0.00649201,0.973364,0.96402
11,12671,LD2,2100,750,9.888815596960653,0.0003087434108546,0.051734,0.0464041,0.946648,0.941382
11,12673,LD2,2100,750,9.88878640521452,0.0002344656597667,0.0441238,0.0395827,0.947075,0.941957
11,12674,LD2,2100,750,9.888722402114752,0.0002473558593776,0.0519599,0.0465917,0.926875,0.921139
11,12678,LD2,2100,750,9.888501075939397,0.0003690882849841,0.0121529,0.010902,0.937012,0.933436
11,12679,LD2,2100,750,9.888485240224524,0.0004451027465952,0.0420504,0.0377223,0.930807,0.925272
11,12680,LD2,2100,750,9.888407804415325,0.0003107428352607,0.0424766,0.0380749,0.932559,0.928398
11,12681,LD2,2100,750,9.888229915348836,7.931342858572089e-05,0.00405714,0.00362505,0.934843,0.926768
11,12682,LD2,2100,750,9.888304002310536,0.0003308459527361,0.0462718,0.0411628,0.93553,0.931233
11,12683,LD2,2100,750,9.888190886275718,0.0002994168306413,0.0428028,0.038366,0.933593,0.928141
11,12684,LD2,2100,750,9.888017501666669,0.0002525287759179,0.0319328,0.0286128,0.939713,0.933545
11,12686,LD2,2100,750,9.888085086496597,0.0006047917174009,0.0433658,0.0388875,0.933015,0.928643
11,12687,LD2,2100,750,9.887604636098002,0.0004990225554815,0.0475297,0.042617,0.93243,0.927999
11,12688,LD2,2100,750,9.887345322097264,0.0005724956049097,0.0284111,0.0254666,0.933463,0.929246
11,12693,LD2,2100,750,9.88894719818182,0.0001777236759227,0.0443172,0.0397379,0.928254,0.922693
11,12694,LD2,2100,750,9.889000119729166,0.0001762335657384,0.0420396,0.037682,0.927103,0.921683
11,12695,LD2,2100,750,9.888996418929253,0.0001672441094876,0.0424681,0.0380838,0.926783,0.922591
11,12697,LD2,2100,750,9.888980864557237,0.0001665134342621,0.0397548,0.0356329,0.926846,0.922524
11,12699,LD2,2100,750,9.889121881788617,0.0001054459725671,0.0338483,0.0303305,0.927727,0.921301
11,12700,LD2,2100,750,9.889215622941176,0.0001661898281521,0.0264026,0.0236671,0.9478,0.944561
11,12701,LD2,2100,750,9.8891947513253,0.0001541615559045,0.0424184,0.0380343,0.948825,0.944097
11,12702,LD2,2100,750,9.889123860163265,0.0001799934899321,0.0418921,0.0375477,0.950214,0.94475
11,12706,LD2,2100,750,9.889135908072726,0.0001414601191295,0.049785,0.0446275,0.950598,0.944934
11,12707,LD2,2100,750,9.889200839253332,0.0001366528363925,0.0521535,0.0467742,0.95186,0.946745
11,12708,LD2,2100,750,9.889199001019332,0.0001388789718613,0.0505106,0.0452781,0.95095,0.946358
11,12709,LD2,2100,750,9.889199700209424,0.0001388278032277,0.049634,0.0444928,0.950513,0.945786
11,12710,LD2,2100,750,9.889201824749998,0.0001591652799102,0.0505964,0.0453735,0.950886,0.946313
11,12711,LD2,2100,750,9.889183431687895,0.0001159711886459,0.0512842,0.046035,0.951237,0.947565
11,12713,LD2,2100,750,9.889095425625,0.0001158001761639,0.00164065,0.00145678,0.954721,0.947984
11,12714,LD2,2100,750,9.889081390291594,0.0001250962548082,0.0526693,0.0472139,0.949217,0.944582
11,12715,LD2,2100,750,9.889132084931504,0.0001488400234846,0.0527213,0.0472666,0.951484,0.946483
11,12721,LD2,2100,750,9.889162788169209,0.0002574012636009,0.0554032,0.0496942,0.949387,0.94516
11,12722,LD2,2100,750,9.889086758903344,0.000154141053502,0.0466537,0.0418324,0.948256,0.943702
11,12726,LD2,0,750,9.889046641316964,0.0001351182477413,0.0388942,0.0348747,0.957965,0.951495
11,12728,LD2,0,750,9.889020776786516,0.0001883228895695,0.0359781,0.0322573,0.957544,0.950439
11,12729,LD2,0,750,9.889019729444442,0.0001820330889285,0.0564475,0.0505914,0.957266,0.950317
11,12732,LD2,2100,750,9.888946964649264,0.0001919794108619,0.0537559,0.048187,0.952546,0.947718
11,12733,LD2,2100,750,9.888992638534882,0.0002433234668174,0.0281579,0.0252694,0.951749,0.946473
11,12734,LD2,2100,750,9.888905119572367,0.000241454098114,0.025456,0.0228194,0.951207,0.946948
11,12735,LD2,2100,750,9.888882963067092,0.0002380338519221,0.0521487,0.0467564,0.95111,0.945439
11,12737,LD2,2100,750,9.889192730555555,0.000211770878838,0.00531893,0.00477164,0.950236,0.943512
11,12738,LD2,2100,750,9.889413915502551,0.000180337690252,0.0485405,0.0435297,0.947998,0.941938
11,12739,LD2,2100,750,9.889296505,0.0001640116847985,0.000826003,0.000752784,0.956695,0.951226
11,12740,LD2,2100,750,9.889424165724463,0.0001850480825912,0.0340478,0.0305349,0.947682,0.941823
11,12742,LD2,2100,750,9.88887737210526,0.0002681456749665,0.031116,0.0279123,0.946556,0.940579
11,12743,LD2,2100,750,9.889329302103894,0.0002121827510507,0.0254515,0.0228397,0.948855,0.943348
11,12767,LD2,2100,750,9.889473858115627,0.0002106789738417,0.0388655,0.034853,0.950086,0.945247
11,12768,LD2,2100,750,9.889399525842446,0.0002439802994642,0.0195365,0.0175644,0.950358,0.945801
11,12769,LD2,2100,750,9.889517732416268,0.0002313561843938,0.035837,0.0321345,0.947438,0.942329
11,12770,LD2,2100,750,9.88944738334,0.0002513800674934,0.0734105,0.0658545,0.947665,0.942572
11,12771,LD2,2100,750,9.88951946657351,0.0002365773767961,0.0734057,0.0658053,0.947452,0.942032
11,12772,LD2,2100,750,9.889370046296678,0.0002007511266318,0.0784766,0.0703641,0.947702,0.942157
11,12773,LD2,2100,750,9.889348362172072,0.000145915710297,0.0467734,0.041975,0.947833,0.942643
11,12778,LD2,2100,750,9.889424455215906,0.0001978071735714,0.0710386,0.0637096,0.946777,0.942146
11,12779,LD2,2100,750,9.889321680892197,0.0002048305666092,0.0429371,0.0385107,0.947468,0.943322
11,12781,LD2,2100,750,9.889206563352824,0.0002344199861751,0.0445122,0.0399121,0.947089,0.94244
11,12782,LD2,2100,750,9.889344015571846,0.0001955865017229,0.0277319,0.0245601,0.946814,0.942006
11,12796,LD2,2100,750,9.889251137575757,9.545937053580632e-05,0.00338293,0.00303239,0.964549,0.960398
11,12797,LD2,2100,750,9.8893269859466,0.0001905346799791,0.0372331,0.0333821,0.947899,0.943781
11,12798,LD2,2100,750,9.889456328891564,0.0002290694025981,0.0356177,0.0319386,0.947902,0.943735
11,12799,LD2,2100,750,9.88950082653846,0.0002296369345563,0.0384184,0.0344482,0.948394,0.943133
11,12801,LD2,2100,750,9.88942883841216,0.0001982900767322,0.0492484,0.0441466,0.948362,0.943933
11,12802,LD2,2100,750,9.88949580818,0.0002254518363961,0.0446244,0.0399898,0.947746,0.943912
11,12813,LD2,2100,750,9.88923498324647,0.0001607607436134,0.0652653,0.0585459,0.948596,0.944052
11,12814,LD2,2100,750,9.88938416891709,0.0001764115667788,0.0497297,0.0445872,0.94756,0.942175
11,12815,LD2,2100,750,9.889531099350878,0.0002170041385954,0.0511599,0.0458632,0.946821,0.942247
11,12816,LD2,2100,750,9.889615096924317,0.0002356582700236,0.0503699,0.0451735,0.948543,0.943977
11,12817,LD2,2100,750,9.889729551084905,0.0002748269839713,0.0528558,0.0473818,0.947962,0.943424
11,12819,LD2,2100,750,9.889676939949998,0.0002936892492876,0.0503758,0.0451731,0.948047,0.943866
11,12820,LD2,2100,750,9.889584723430229,0.0002558894085167,0.0744803,0.0667768,0.948263,0.943174
11,12824,LD2,2100,750,9.889463603745703,0.000206970485945,0.0489644,0.0439079,0.948637,0.944104
11,12825,LD2,2100,750,9.889498626310832,0.0002384627406871,0.049583,0.0444574,0.952094,0.947312
11,12826,LD2,2100,750,9.889478903499995,0.0002059260380107,0.0509024,0.0456494,0.948423,0.943433
11,12827,LD2,2100,750,9.889492595714286,0.0001988181467979,0.0499617,0.0447899,0.947425,0.943351
11,12828,LD2,2100,750,9.889398731469594,0.0002262310193322,0.0511073,0.0458212,0.949079,0.944026
11,12829,LD2,2100,750,9.889295078827589,0.0001809504594932,0.0500558,0.0448648,0.953222,0.948548
11,12830,LD2,2100,750,9.88927690295238,0.0002085524544799,0.0333949,0.0299331,0.951802,0.946321
11,12894,LD2,2100,750,9.887787694227352,0.0005469608889798,0.0514811,0.0461564,0.961968,0.959117
11,12896,LD2,2100,750,9.88855618617954,0.0002924802751555,0.0432688,0.0387931,0.958018,0.955743
11,12897,LD2,2100,750,9.88883200605341,0.000448840847874,0.0320236,0.0287766,0.96034,0.957434
11,12902,LD2,2100,750,9.888928347920787,0.0009486284415346,0.0201677,0.0181434,0.963895,0.961659
11,12903,LD2,2100,750,9.8884333704,0.0005588873444066,0.00503924,0.00187624,0.968714,0.966307
11,12904,LD2,2100,750,9.889049411608877,0.0006463380659459,0.0407176,0.0365614,0.961264,0.958677
11,12906,LD2,2100,750,9.88919641060606,0.0001918016441761,0.0437142,0.0392034,0.960918,0.958178
11,12907,LD2,2100,750,9.889249737026626,0.0001902257551879,0.0544195,0.0488007,0.961563,0.958999
11,12908,LD2,2100,750,9.889312404743588,0.000217816256603,0.0450199,0.0403735,0.961912,0.958898
11,12909,LD2,2100,750,9.88929331312796,0.0002008243972052,0.0546091,0.0489636,0.961214,0.958795
11,12911,LD2,2100,750,9.88923603,0.0001638966700509,0.00464787,0.00416045,0.965199,0.962789
11,12912,LD2,2100,750,9.889166482190332,0.0002286435049854,0.0422185,0.0378917,0.961416,0.958356
11,12913,LD2,2100,750,9.889152535876288,0.0001271959563837,0.00503232,0.00452048,0.957101,0.954967
11,12914,LD2,2100,750,9.88921361617801,0.0001842953215002,0.0167141,0.0149766,0.960238,0.956956
11,12915,LD2,2100,750,9.88924683205714,0.0002032987811807,0.0321861,0.0281131,0.959731,0.957212
11,12916,LD2,2100,750,9.88924810002016,0.0002357753341615,0.0419431,0.0376072,0.9598,0.957156
11,12917,LD2,2100,750,9.88938867775,0.0002612594761487,0.0421084,0.0377691,0.960661,0.958021
11,12918,LD2,2100,750,9.889591910625,0.0003145936636079,0.0427536,0.0383568,0.959853,0.95696
11,12919,LD2,2100,750,9.889427786971934,0.0002139827124688,0.0419941,0.0376852,0.959843,0.957251
11,12920,LD2,2100,750,9.889538271092148,0.0002658534401218,0.0453407,0.0406573,0.960107,0.957468
11,12921,LD2,2100,750,9.889660120595236,0.0002461590077354,0.015084,0.013516,0.960096,0.957466
11,12932,LD2,2100,750,9.88949731862069,0.0002677333853495,0.0448006,0.0401667,0.962051,0.959457
11,12933,LD2,2100,750,9.88946388114228,0.000254884122272,0.0409915,0.036749,0.962628,0.96004
11,12934,LD2,2100,750,9.88971143916318,0.0003518728591959,0.022281,0.0195017,0.950113,0.947551
11,12935,LD2,2100,750,9.889697106506716,0.0002700703777981,0.0454965,0.0407854,0.962432,0.959899
11,12936,LD2,2100,750,9.889489339025488,0.0002908126068122,0.042024,0.0377189,0.963839,0.96129
11,12939,LD2,2100,750,9.888857123571425,0.000401988345323,0.0497481,0.0446115,0.963599,0.961073
11,12940,LD2,2100,750,9.88874499852615,0.00036027609423,0.0443184,0.0397636,0.964407,0.961869
11,12946,LD2,2100,750,9.888595968652846,0.0003289182440402,0.0172501,0.0149988,0.963911,0.961404
11,12957,LD2,2100,750,9.888976306696629,0.0001946008069827,0.0400639,0.0359213,0.963793,0.961289
11,12961,LD2,2100,750,9.888909038217212,0.0001950762742836,0.0433227,0.0388341,0.963979,0.961492
11,12962,LD2,2100,750,9.888887805145227,0.0001724228701437,0.0216426,0.0193925,0.965013,0.962537
11,12963,LD2,2100,750,9.889028976874998,0.0001642079640768,0.0156626,0.0140531,0.96333,0.960803
11,12965,LD2,2100,750,9.888989074475626,0.0001826274893737,0.0563602,0.0505289,0.968988,0.966526
11,12968,LD2,2100,750,9.888931962116184,0.0001869555164515,0.0440677,0.0395007,0.96829,0.965823
11,12969,LD2,2100,750,9.888909721257033,0.0001855932735537,0.0480662,0.0430789,0.968811,0.966343
11,12970,LD2,2100,750,9.88894439874003,0.0002455032715411,0.0468317,0.0420064,0.972337,0.969835
11,12971,LD2,2100,750,9.888848784878505,0.0001871177682724,0.0492693,0.0441512,0.976064,0.973632
11,12972,LD2,2100,750,9.888702090702946,0.0002722825910817,0.0394738,0.0353741,0.975731,0.973238
11,12975,LD2,2100,750,9.889112292348992,0.0001693662881688,0.0214939,0.0192802,0.975845,0.973367
11,12976,LD2,2100,750,9.889093573988436,0.0001537299585248,0.0278624,0.024976,0.976079,0.973663
11,12977,LD2,2100,750,9.88913232111111,0.0001898244588659,0.0129376,0.0116019,0.975437,0.972935
11,12979,LD2,2100,750,9.888903502894737,0.0001790059112975,0.00711215,0.00637626,0.974621,0.972132
11,12980,LD2,2100,750,9.889050645602408,0.0001760340169484,0.0111678,0.0100216,0.974673,0.972215
11,12982,LD2,2100,750,9.888544452419602,0.0003244714810971,0.0537827,0.0482115,0.980193,0.977495
11,12983,LD2,2100,750,9.88890551884058,0.0002652109296017,0.0534352,0.0479247,0.979436,0.976837
11,12984,LD2,2100,750,9.889170756301144,0.0001637994695894,0.0102852,0.00932266,0.979987,0.977529
11,12986,LD2,2100,750,9.889047973280114,0.000251043932329,0.0547156,0.0490543,0.981015,0.978532
11,12987,LD2,2100,750,9.889053873148937,0.0002300960712506,0.0549694,0.0493038,0.979779,0.977267
11,12988,LD2,2100,750,9.888991131239669,0.0002647110916006,0.0555162,0.0497797,0.976656,0.974134
11,12989,LD2,2100,750,9.889005397627905,0.0003016973759597,0.0149931,0.013439,0.980908,0.978394
11,13000,LD2,2100,750,9.888687699321704,0.0002441269859184,0.0468754,0.0420172,0.973921,0.971362
11,13029,LD2,2100,750,9.888725510400697,0.0002675109276577,0.0477486,0.0428072,0.974534,0.972116
11,13030,LD2,2100,750,9.888787821545138,0.0002484120675546,0.0507787,0.045528,0.974132,0.971761
11,13034,LD2,2100,750,9.88895840581272,0.0002833277959207,0.0486062,0.0435832,0.974277,0.971868
11,13035,LD2,2100,750,9.88928736428312,0.0002456785812948,0.0374908,0.0336411,0.974666,0.972237
11,13036,LD2,2100,750,9.889388614552844,0.0002488334657976,0.0181545,0.0163112,0.974968,0.972507
11,13038,LD2,2100,750,9.889044812282608,0.0003772468353499,0.0700098,0.0627802,0.976121,0.973625
11,13039,LD2,2100,750,9.889059576265732,0.0005068722292919,0.05552,0.0497984,0.975615,0.973174
11,13040,LD2,2100,750,9.888958212892442,0.0004126540263234,0.0589656,0.0528696,0.976385,0.973925
11,13044,LD2,2100,750,9.888863054873188,0.0001607447420072,0.0486623,0.0436298,0.976658,0.973817
11,13045,LD2,2100,750,9.889032975951114,0.0002479683902447,0.045757,0.041113,0.976649,0.974346
11,13048,LD2,2100,750,9.889197925833331,0.0001789204010884,0.00110265,0.00102802,0.975615,0.97284
11,13049,LD2,2100,750,9.888874693804809,0.0002902844227659,0.0471684,0.0423277,0.974011,0.971078
11,13050,LD2,2100,750,9.888840525437956,0.0002427645872868,0.0464203,0.0416158,0.971746,0.969337
11,13051,LD2,2100,750,9.88889651961471,0.0002637705746157,0.0450446,0.0404009,0.970494,0.96741
11,13052,LD2,2100,750,9.888928399206964,0.0002438459731218,0.0345382,0.0309938,0.969343,0.966828
11,13053,LD2,2100,750,9.888919930476188,0.00020337021628,0.0231298,0.0207277,0.970919,0.967993
11,13054,LD2,2100,750,9.888897745454546,0.0002335280336257,0.0457541,0.0410317,0.970169,0.967331
11,13055,LD2,2100,750,9.888906999382716,0.0001750697608025,0.0341633,0.0306249,0.973803,0.971202
11,13058,LD2,2100,750,9.888823978034187,0.0002417729598907,0.0487264,0.0436778,0.975222,0.972819
11,13059,LD2,2100,750,9.888825604746716,0.0002613144595904,0.0412017,0.0369446,0.976015,0.972785
11,13060,LD2,2100,750,9.888775746442144,0.0002206841453962,0.0492809,0.0441717,0.975747,0.973199
11,13061,LD2,2100,750,9.888842104709784,0.0002301017255722,0.0498377,0.0446735,0.97628,0.973333
11,13062,LD2,2100,750,9.888970254548193,0.0002172418224408,0.0515543,0.0462391,0.975501,0.97262
11,13063,LD2,2100,750,9.888956475507868,0.0002295553671275,0.0542744,0.0486673,0.975714,0.973176
14,13305,LD2,1470,750,5.9826809873333335,0.000151225911368,0.0260488,0.0233874,0.96874,0.968744
14,13306,LD2,1470,750,5.982725988505975,0.0002237136610686,0.0314829,0.028247,0.964929,0.964934
14,13307,LD2,1470,750,5.982761260728242,0.0003308881002664,0.0313908,0.0281883,0.96207,0.962075
14,13308,LD2,1470,750,5.982658272138613,0.0001860969076439,0.0333889,0.0299594,0.960734,0.960739
14,13309,LD2,1470,750,5.982725384516129,0.000296062479888,0.0312104,0.0280194,0.958522,0.958526
14,13314,LD2,1470,750,5.982840749559117,0.000256980851491,0.0304867,0.0273605,0.952214,0.952218
14,13315,LD2,1470,750,5.983046644047619,0.0003523647553201,0.00953589,0.00857957,0.950716,0.950719
14,13316,LD2,1470,750,5.983218700437158,0.0003332421264168,0.00322242,0.00291916,0.958323,0.958326
14,13317,LD2,1470,750,5.982878393808695,0.0002564883952742,0.0347498,0.0311946,0.949406,0.949409
14,13318,LD2,1470,750,5.982928593857615,0.0002700160619853,0.0361253,0.0324308,0.944563,0.944567
14,13319,LD2,1470,750,5.982992085041736,0.0002904985850334,0.0309756,0.0278241,0.943936,0.94394
14,13322,LD2,1470,750,5.9827301354033775,0.0003831646220674,0.0288864,0.0259413,0.954883,0.954887
14,13323,LD2,1470,750,5.982746981515151,0.0003943546686417,0.0320116,0.0287459,0.954987,0.95499
14,13324,LD2,1470,750,5.982743051742737,0.0003369203231617,0.0271969,0.0244182,0.954175,0.95418
14,13325,LD2,1470,750,5.982716102678226,0.0003190741612105,0.0310328,0.0274813,0.955822,0.955827
14,13342,LD2,1470,750,5.982882524669421,0.0003498133146089,0.0122541,0.0109945,0.958575,0.958579
14,13344,LD2,1470,750,5.982802514069767,0.00033911706202,0.0186044,0.0167084,0.955458,0.955462
14,13353,LD2,1470,750,5.982537702742857,0.0002384335471949,0.014167,0.0127035,0.845579,0.845585
14,13357,LD2,1470,750,5.982682331940639,0.0004047922265608,0.0459102,0.0411826,0.962201,0.962205
14,13358,LD2,1470,750,5.982526695325671,0.0002482689847762,0.0418065,0.0374948,0.961543,0.961547
14,13359,LD2,1470,750,5.98257016972826,0.0003069573932027,0.041205,0.0369504,0.962626,0.96263
14,13360,LD2,1470,750,5.982585312247705,0.0003139898841538,0.0497609,0.0446254,0.963299,0.963303
14,13361,LD2,1470,750,5.982591622893938,0.0003213765549381,0.0492888,0.0442051,0.964477,0.964481
14,13362,LD2,1470,750,5.982556192804123,0.0002546509984295,0.0377395,0.03385,0.964956,0.964961
14,13363,LD2,1470,750,5.982746814390582,0.0004744372505451,0.0431363,0.038716,0.966226,0.966229
14,13364,LD2,1470,750,5.982880305625001,0.0005120340198722,0.0432112,0.0384291,0.964303,0.964306
14,13368,LD2,1470,750,5.982553877233606,0.0004107308716852,0.0359539,0.0322539,0.958068,0.958071
14,13369,LD2,1470,750,5.982557242352941,0.0004121650444041,0.0426745,0.0382812,0.956959,0.956964
14,13370,LD2,1470,750,5.982489633692308,0.0003534983050728,0.0356933,0.0320141,0.95587,0.955875
14,13371,LD2,1470,750,5.98306006464098,0.0005140692712031,0.0178029,0.0160376,0.955725,0.955728
14,13372,LD2,1470,750,5.982682411896066,0.0005196471602818,0.0405309,0.0363842,0.962144,0.962148
14,13373,LD2,1470,750,5.982520718922717,0.0004336065680205,0.0308009,0.027633,0.961063,0.961065
14,13381,LD2,1470,750,5.982632812280701,0.000173165010952,0.0414495,0.0371581,0.969248,0.969251
14,13382,LD2,1470,750,5.982677941436266,0.0002841787944154,0.0413373,0.0370806,0.969524,0.969527
14,13384,LD2,1470,750,5.982685556156522,0.0003349618490978,0.0412413,0.0369961,0.968988,0.968991
14,13385,LD2,1470,750,5.982618854525042,0.0002738465023612,0.0440166,0.0394705,0.969066,0.96907
14,13387,LD2,1470,750,5.982654895877192,0.0003432212095523,0.0415919,0.0373004,0.966871,0.966875
14,13388,LD2,1470,750,5.982673546380471,0.0003689709072376,0.042664,0.0379763,0.966036,0.966041
14,13389,LD2,1470,750,5.982656314055944,0.0003862760941255,0.020593,0.0181057,0.965866,0.96587
14,13390,LD2,1470,750,5.982632438971962,0.0003248275021261,0.00931625,0.00775722,0.964628,0.964632
14,13391,LD2,1470,750,5.98263558980273,0.0003687575087405,0.0480656,0.0431108,0.964546,0.96455
14,13392,LD2,1470,750,5.982506465620436,0.0002853869384759,0.0118849,0.00995498,0.96506,0.965065
14,13393,LD2,1470,750,5.982642335341506,0.0004343060898742,0.0393522,0.0352998,0.964115,0.964118
14,13394,LD2,1470,750,5.983050929183302,0.000506534693062,0.0181529,0.0163465,0.963623,0.963628
14,13395,LD2,1470,750,5.982548964999999,0.0003292246822133,0.010422,0.00932977,0.966932,0.966938
14,13398,LD2,1470,750,5.982472161573705,0.0002321215844306,0.0415851,0.0372927,0.964005,0.964009
14,13399,LD2,1470,750,5.982425572674418,0.0001710112475103,0.00785638,0.00663063,0.964116,0.96412
14,13400,LD2,1470,750,5.9824941643785845,0.0003292819923299,0.0410924,0.0368513,0.964543,0.964546
14,13402,LD2,1470,750,5.982499825555554,0.0003750791288638,0.0406989,0.0365041,0.965053,0.965058
14,13403,LD2,1470,750,5.982529296414634,0.0003067226478333,0.0328686,0.0294742,0.964559,0.964562
14,13406,LD2,1470,750,5.982517197657046,0.0003882811041056,0.0448195,0.0401949,0.964942,0.964946
14,13407,LD2,1470,750,5.982520240340314,0.0004059146678229,0.0565388,0.0507153,0.965218,0.965222
8,13453,LD2,1470,750,5.982643545865835,0.0003396500710957,0.0143873,0.0129936,0.921915,0.921921
8,13454,LD2,1470,750,5.982752776576355,0.0004300340250788,0.00796434,0.00720362,0.919553,0.919558
8,13455,LD2,1470,750,5.982699480129869,0.0003912537574127,0.00668803,0.00604277,0.966737,0.96674
8,13468,LD2,0,750,5.982681796264151,0.0002952792093855,0.0208221,0.0187287,0.966445,0.966449
8,13470,LD2,0,750,5.9827669092960285,0.0003417739734258,0.0197032,0.0177337,0.966535,0.966539
8,13472,LD2,0,750,5.98270566966292,0.0003143688964266,0.0200205,0.0180134,0.965533,0.965537
8,13473,LD2,0,750,5.9826533596,0.0002438835700171,0.0170315,0.0153094,0.966824,0.966828
8,13474,LD2,0,750,5.982857242355289,0.0004228855940348,0.0192062,0.0172702,0.966168,0.966172
8,13475,LD2,0,750,5.98278411835,0.0003722996914412,0.0145135,0.0130611,0.96547,0.965473
8,13476,LD2,0,750,5.982804293913043,0.0004392199896686,0.0160094,0.0144111,0.964406,0.96441
8,13477,LD2,0,750,5.982772262827442,0.0004190809441064,0.0155674,0.01402,0.965604,0.965608
8,13478,LD2,0,750,5.982582707112527,0.0003083020431247,0.0188348,0.016932,0.964984,0.964989
8,13479,LD2,0,750,5.9826773034090905,0.0004909708036814,0.026277,0.023661,0.963464,0.963468
8,13491,LD2,1470,750,5.982814512525398,0.0005963742819506,0.0161297,0.0145637,0.97469,0.974694
8,13492,LD2,1470,750,5.982515005860534,0.0003550033757361,0.0249158,0.0224178,0.975818,0.975821
8,13493,LD2,1470,750,5.982503903641703,0.0003978449051158,0.025522,0.0229619,0.975597,0.9756
8,13494,LD2,1470,750,5.982460089414634,0.0003916587681588,0.0240365,0.0216163,0.97594,0.975944
8,13495,LD2,1470,750,5.982450293803418,0.0003873562614101,0.0239032,0.0215007,0.976201,0.976204
8,13496,LD2,1470,750,5.982541395776397,0.0004385485447524,0.0247259,0.0222477,0.976219,0.976222
8,13497,LD2,1470,750,5.982442544330707,0.0003562479104185,0.00971564,0.00874004,0.974868,0.974872
8,13502,LD2,1470,750,5.982732962207084,0.0003773167175689,0.0217893,0.0196067,0.96853,0.968533
8,13503,LD2,1470,750,5.98267532802985,0.0003732899995822,0.0217149,0.019539,0.966727,0.96673
8,13504,LD2,1470,750,5.982761044732333,0.0004224945155896,0.0222154,0.0198476,0.966602,0.966605
8,13505,LD2,1470,750,5.982642991174089,0.0003440007203049,0.0225967,0.0203213,0.965836,0.96584
8,13544,LD2,2100,750,5.982373536908212,0.0002941970870739,0.0209885,0.0188718,0.963766,0.963768
8,13545,LD2,2100,750,5.98236286290909,0.000307773695299,0.0209421,0.0188299,0.966407,0.96641
8,13546,LD2,2100,750,5.982305135699999,0.0002394616801297,0.0211953,0.0190564,0.966407,0.96641
8,13547,LD2,2100,750,5.9824143246188335,0.0004330932818393,0.0213906,0.0192339,0.966828,0.96683
8,13548,LD2,2100,750,5.982358085432098,0.0004351486974564,0.022576,0.0203038,0.966826,0.966829
8,13549,LD2,2100,750,5.982469507391304,0.00051691986434,0.0286832,0.0258088,0.96694,0.966944
8,13550,LD2,2100,750,5.982523649760479,0.0004845654286016,0.0163153,0.0147212,0.966368,0.966371
8,13551,LD2,2100,750,5.982948373928571,0.0005365958244775,0.00149524,0.00135941,0.966788,0.966789
8,13552,LD2,2100,750,5.982616552477064,0.0004077493912437,0.00996595,0.00895693,0.968317,0.968321
8,13554,LD2,2100,750,5.983085293582676,0.0005126511732679,0.00496857,0.00450273,0.969932,0.969933
8,13556,LD2,2100,750,5.982425204585366,0.0003581203889897,0.0172191,0.015489,0.971119,0.971121
8,13557,LD2,2100,750,5.982699785566501,0.0005678775280647,0.010543,0.00949024,0.97013,0.970133
8,13558,LD2,1470,750,5.982504277434944,0.0004708608269417,0.0174645,0.0157081,0.967909,0.967912
8,13559,LD2,1470,750,5.982416441670378,0.0004231629630879,0.0165955,0.0149266,0.968081,0.968084
8,13560,LD2,1470,750,5.982349900843749,0.0004565089702338,0.0167492,0.0150673,0.967753,0.967758
8,13561,LD2,1470,750,5.982383085287672,0.000475880104939,0.0174426,0.0156886,0.967585,0.967589
8,13562,LD2,1470,750,5.98228494135321,0.000452149233263,0.0163872,0.0147391,0.968379,0.968383
8,13563,LD2,1470,750,5.982157697305195,0.0003020342529092,0.0168024,0.0151036,0.968732,0.968735
8,13564,LD2,1470,750,5.982053923431733,0.0002646682758202,0.0176515,0.0158743,0.96972,0.969723
8,13565,LD2,1470,750,5.982263209635761,0.0004571229902661,0.0161046,0.0144923,0.970899,0.970903
8,13566,LD2,1470,750,5.982238082089202,0.000426544299387,0.0215231,0.0193801,0.968832,0.968836
8,13567,LD2,1470,750,5.9822572061269135,0.0003179339376172,0.0182692,0.0164282,0.968762,0.968764
8,13568,LD2,1470,750,5.982340111145833,0.0004461399611416,0.0178798,0.016087,0.968529,0.968531
8,13569,LD2,1470,750,5.982311601192308,0.000347268179432,0.0178639,0.0160593,0.9692,0.969204
8,13570,LD2,1470,750,5.982322715594713,0.000282229994329,0.0174241,0.01567,0.969667,0.969671
8,13571,LD2,1470,750,5.982309526860987,0.0001946823342439,0.0178153,0.0160157,0.969287,0.969291
8,13581,LD2,1050,750,5.982639129421052,0.0005049020896317,0.0116711,0.0105143,0.968314,0.968317
8,13582,LD2,1050,750,5.9827721929216855,0.0004689093826185,0.0202999,0.0182867,0.968887,0.968891
8,13583,LD2,1050,750,5.98253963273913,0.0002938103279067,0.0205165,0.0184525,0.967723,0.967726
8,13584,LD2,1050,750,5.982526752969348,0.0002779541191569,0.0206213,0.018542,0.967954,0.967956
8,13585,LD2,1050,750,5.9826914596091205,0.0003396058879636,0.0218082,0.0196272,0.969349,0.969353
8,13586,LD2,1050,750,5.982716438394496,0.0002679994770929,0.0081993,0.00736861,0.971655,0.971659
8,13587,LD2,1470,750,5.982673751082568,0.0002690101598933,0.0213441,0.0191965,0.966906,0.966909
8,13588,LD2,1470,750,5.98304493410287,0.0003624382667819,0.0210317,0.0189745,0.972573,0.972576
8,13589,LD2,1470,750,5.982918813918128,0.0003348839182245,0.0208464,0.0187461,0.970591,0.970594
8,13590,LD2,1470,750,5.983130124315789,0.0002481833359516,0.00248338,0.00224019,0.969575,0.969578
8,13591,LD2,1470,750,5.982870619899832,0.000194811663785,0.0233731,0.0210237,0.976917,0.97692
8,13592,LD2,1470,750,5.983418623443858,0.0001236921409629,0.000847439,0.00101527,0.987305,0.987308
8,13593,LD2,1470,750,5.9829610332844565,0.0004425274686933,0.00815863,0.00736507,0.976387,0.97639
8,13596,LD2,1470,750,5.982502058697571,0.0002987054692205,0.017631,0.0158561,0.977505,0.977508
8,13597,LD2,1470,750,5.982405472225432,0.0002708439297529,-99.0,0.012419,0.976852,0.976856
8,13608,LD2,1470,750,5.982531132619589,0.0004312607343686,0.0170994,0.0153782,0.967897,0.967901
8,13609,LD2,1470,750,5.982602214157303,0.0004265825830784,0.0167605,0.0150801,0.967055,0.967059
8,13610,LD2,1470,750,5.982570976650246,0.0004183904465446,0.0170128,0.0153057,0.967766,0.967769
8,13612,LD2,1470,750,5.982444320321781,0.0002309637151293,0.0210156,0.0188852,0.968426,0.968429
8,13613,LD2,1470,750,5.982540574976302,0.0003450990538418,0.0179855,0.0161684,0.968288,0.968291
8,13614,LD2,1470,750,5.982673965746269,0.0004496960949623,0.00471471,0.00424375,0.946628,0.946631
8,13615,LD2,1470,750,5.982540911138353,0.0003664347402666,0.022459,0.0202006,0.969919,0.969921
8,13616,LD2,1470,750,5.982529653931947,0.0003111833738135,0.0218566,0.0196534,0.969115,0.969118
8,13617,LD2,1470,750,5.98250471264,0.0002036254448644,0.0222925,0.020033,0.968986,0.96899
8,13618,LD2,1470,750,5.982571941167001,0.0002061451319571,0.0222897,0.0200305,0.968929,0.968932
8,13619,LD2,1470,750,5.983351628947367,0.0002591179671546,0.00178392,0.00167564,0.966978,0.966981
8,13620,LD2,1470,750,5.982863350124416,0.0003953574879973,0.0201287,0.0181309,0.970716,0.970719
9,13660,LD2,1470,750,4.026795286433333,0.0001332396115533,0.0027775,0.00254258,0.980071,0.980073
9,13661,LD2,1470,750,4.02684096868421,8.886330131651192e-05,0.021546,0.0193945,0.97563,0.975634
9,13662,LD2,1470,750,4.0268069713833325,0.0001243230788914,0.0204,0.0183652,0.96341,0.963415
9,13664,LD2,1470,750,4.026864864052133,8.360649307004584e-05,0.0167934,0.0150998,0.962755,0.962759
9,13665,LD2,1470,750,4.026779732894737,0.0001542042791644,0.0102542,0.0092472,0.962997,0.963001
9,13666,LD2,1470,750,4.0267664139325845,0.000170753372176,0.0133544,0.0120509,0.962036,0.96204
9,13677,LD2,1470,750,4.02677702911833,8.334276431076794e-05,0.0344728,0.0309116,0.960035,0.96004
9,13678,LD2,1470,750,4.026681167581395,0.0001121028826146,0.0290019,0.026066,0.961562,0.961564
9,13679,LD2,1470,750,4.0267657719642855,7.69328941852886e-05,0.0341036,0.0305753,0.957196,0.9572
9,13680,LD2,1470,750,4.026772466467781,6.157871853928155e-05,0.0334857,0.0300274,0.957544,0.957549
9,13681,LD2,1470,750,4.026783804679089,5.6197072940720864e-05,0.0393318,0.0352728,0.957218,0.957222
9,13682,LD2,1470,750,4.026724875833333,9.525482980984046e-05,0.00237707,0.00211999,0.966074,0.966076
9,13684,LD2,1470,750,4.026738838981132,6.061480241878106e-05,0.0414007,0.0371281,0.954855,0.954858
9,13685,LD2,1470,750,4.02672267142056,6.73407152760197e-05,0.0402239,0.036081,0.957893,0.957896
9,13686,LD2,1470,750,4.026704107307343,9.601907997293182e-05,0.0689386,0.0615844,0.954101,0.954105
9,13687,LD2,1470,750,4.0267588441,7.827191691877474e-05,0.0688666,0.0617675,0.942316,0.94232
9,13688,LD2,1470,750,4.026737713080459,5.426711861160223e-05,0.0347414,0.0311507,0.946537,0.946541
9,13689,LD2,1470,750,4.026749192153845,3.03564477035796e-05,0.0082891,0.00493796,0.954608,0.954612
9,13694,LD2,1470,750,4.026711440330578,6.587715647705255e-05,0.0685916,0.0615296,0.956643,0.956647
9,13695,LD2,1470,750,4.0267352401666665,4.703025388749868e-05,0.0193674,0.0173658,0.955921,0.955924
9,13698,LD2,1470,750,4.026634478,9.637587458357844e-05,0.00210716,0.00190175,0.949134,0.949137
9,13699,LD2,1470,750,4.026634163067568,9.591944280700688e-05,0.0221985,0.0199993,0.956659,0.956664
9,13700,LD2,1470,750,4.026611614179104,0.0001081208220733,0.0165189,0.0149371,0.954203,0.954208
9,13710,LD2,1470,750,4.026838165135135,6.29439848072329e-05,-99.0,0.00832891,0.948793,0.948797
9,13711,LD2,1470,750,4.0268545971666665,6.344850417191549e-05,-99.0,0.00522394,0.949834,0.94984
9,13712,LD2,1470,750,4.026855598964029,9.062064174828468e-05,0.0852457,0.0763974,0.950815,0.950819
9,13714,LD2,1470,750,4.026908690655738,7.725709898319964e-05,0.0836207,0.0749529,0.941172,0.941177
9,13715,LD2,1470,750,4.026943985273159,8.770159485171783e-05,0.0828236,0.0742229,0.952461,0.952467
9,13716,LD2,1470,750,4.0269639726621165,0.0001289192904098,0.0820648,0.0735536,0.935325,0.93533
9,13717,LD2,1470,750,4.026966912360515,0.000149564393775,0.020922,0.0187537,0.935827,0.935831
9,13721,LD2,1470,750,4.026929478691407,0.0001050118146107,0.0486308,0.0435925,0.938205,0.93821
9,13723,LD2,1470,750,4.0269953564653465,0.0001407357627775,0.0949015,0.0850759,0.952694,0.952699
9,13724,LD2,1470,750,4.027077439885714,0.0002077464614103,0.016883,0.0145017,0.955496,0.955501
9,13727,LD2,1470,750,4.0270193041980615,0.0001785173531135,0.0822251,0.0737204,0.942789,0.942794
9,13728,LD2,1470,750,4.027010746383721,0.0001194216506743,0.0824066,0.0738623,0.942276,0.94228
9,13729,LD2,1470,750,4.0269777999709575,0.0002013617303301,0.0849996,0.0762218,0.95758,0.957585
9,13731,LD2,1470,750,4.027007567512639,0.0001904615032919,0.0844122,0.0756742,0.958589,0.958593
9,13732,LD2,1470,750,4.026923761001564,0.0002261128363807,0.0902451,0.0809645,0.962158,0.962162
9,13734,LD2,1470,750,4.027004255216907,0.000131669268948,0.0808851,0.0725146,0.965349,0.965353
9,13736,LD2,1470,750,4.027001589400631,0.0001272795956919,0.0858116,0.0769201,0.965558,0.965562
9,13737,LD2,1470,750,4.026836957449276,0.0003674775616785,0.0277205,0.0237798,0.963646,0.963651
9,13746,LD2,1470,750,4.0264374557494405,0.0007185987537811,0.0609275,0.0546688,0.961174,0.961179
9,13748,LD2,1470,750,4.026703214578791,0.0005688601493222,0.0866469,0.0776923,0.956152,0.956155
9,13749,LD2,1470,750,4.0267453990662645,0.0005046120284139,0.0596859,0.0525515,0.958676,0.95868
9,13753,LD2,1470,750,4.026415874608599,0.0007400320509805,0.0602059,0.0540108,0.961723,0.961727
9,13754,LD2,1470,750,4.025650780346535,0.0005972195820514,0.00393575,0.00356059,0.958916,0.958921
9,13755,LD2,1470,750,4.026708501999999,0.0006253021243648,0.0504041,0.0442855,0.953657,0.953661
9,13756,LD2,1470,750,4.0265116656521736,0.000706460918509,0.00221389,0.00147932,0.966261,0.966261
9,13757,LD2,1470,750,4.02699108875,4.7875085778161285e-05,0.00215046,0.00147072,0.962895,0.962893
9,13758,LD2,1470,750,4.027001536666666,3.446808268211077e-05,0.00219645,0.00146646,0.961501,0.961506
9,13760,LD2,1470,750,4.026980808,1.7289545643952743e-05,0.00212486,0.00144441,0.970743,0.970746
9,13761,LD2,1470,750,4.027023602666667,2.782351304403691e-05,0.0126315,0.00146737,0.966354,0.966356
9,13764,LD2,1470,750,4.026759002874495,0.0005713283894197,0.0423307,0.0379567,0.958697,0.958699
9,13765,LD2,1470,750,4.026865345,0.0004483753754044,0.0442938,0.0397089,0.961957,0.96196
9,13766,LD2,1470,750,4.026943961861472,0.0003064275547091,0.0446992,0.0400685,0.96717,0.967173
9,13767,LD2,1470,750,4.026822217372092,0.0005334058461953,0.0379721,0.0340459,0.960006,0.960009
9,13770,LD2,1470,750,4.026833354566116,0.0004919929073491,0.0453756,0.0406726,0.955039,0.955043
9,13771,LD2,1470,750,4.026965312110092,0.0002256722545799,0.0191226,0.00980597,0.951157,0.951159
9,13773,LD2,1470,750,4.026556613547297,0.000730366348924,0.0434849,0.0390088,0.953171,0.953175
9,13775,LD2,1470,750,4.026056335682382,0.0008193848737517,0.0160538,0.0144313,0.957526,0.95753
9,13776,LD2,1470,750,4.026897434932936,0.0004665852249361,0.0631364,0.0565864,0.950202,0.950205
9,13777,LD2,1470,750,4.026794435359342,0.0005531932107568,0.0433373,0.0388474,0.963656,0.963659
9,13778,LD2,1470,750,4.026801277066531,0.0005377315461491,0.088286,0.0791555,0.950004,0.950007
9,13779,LD2,1470,750,4.02679502074795,0.0005345584178218,0.0876213,0.0785586,0.949878,0.949881
9,13793,LD2,1470,750,4.026579532630057,0.0007028761256982,0.0267659,0.0240071,0.951103,0.951107
9,13797,LD2,1470,750,4.026945807965117,0.0002607840087813,0.0507723,0.045499,0.95295,0.952953
9,13798,LD2,1470,750,4.026957582568807,0.0002825053840274,0.0427832,0.0383296,0.963683,0.963687
9,13799,LD2,1470,750,4.02662034370297,0.0006770460940745,0.0397535,0.035655,0.956673,0.956677
