runnum,evnum,HALLA_p
11449,67427,3728.41
11449,121595,3728.32
11449,175856,3728.43
11449,229882,3728.35
11449,284971,3728.36
11449,339053,3728.41
11449,394217,3728.24
11449,448478,3728.41
11449,502429,3728.35
11449,557810,3728.28
11449,612191,3728.39
11449,666232,3728.3
11449,720732,3728.33
11449,773982,3728.36
11449,829564,3728.32
11449,8218,3728.36
11449,61981,3728.31
11449,73390,3728.37
11449,74564,3727.81
11449,103243,3727.81
11449,158101,3728.31
11449,211533,3728.36
11449,266914,3728.39
11449,321574,3728.3
11449,375953,3728.32
11449,429849,3728.36
11449,484511,3728.43
11449,539342,3728.47
11449,594606,3728.36
11449,648626,3728.49
11449,702616,3728.39
11449,757427,3728.41
11449,811589,3728.31
11449,866224,3728.45
11449,41309,3728.41
11449,66620,3728.38
11449,66630,3727.81
11449,66638,3727.81
11449,68133,3727.81
11449,117819,3728.65
11449,172519,3728.64
11449,226641,3728.63
11449,279369,3728.7
11449,333286,3728.67
11449,388157,3728.65
11449,442992,3728.62
11449,497478,3728.68
11449,552785,3728.69
11451,9,3727.81
11451,8984,3727.81
11451,12708,3728.07
11451,12716,3727.81
11451,12727,3727.81
11451,12737,3727.81
11451,13115,3727.81
11451,26548,3728.32
11451,41773,3728.29
11451,52784,3728.33
11451,57584,3727.81
11451,61407,3727.81
11451,75512,3728.65
11451,90345,3728.24
11451,105172,3728.2
11451,122110,3728.18
11451,140263,3728.29
11451,158860,3728.21
11451,178944,3728.2
11451,203267,3728.3
11451,232683,3728.29
11451,247872,3728.29
11451,256938,3727.81
11451,271673,3728.24
11451,289074,3728.29
11451,319272,3728.25
11451,358936,3728.28
11451,399123,3728.32
11451,461991,3728.19
11451,531245,3728.24
11451,600370,3728.2
11451,669085,3728.24
11451,737905,3728.25
11451,806825,3728.32
11451,876714,3728.23
11451,946566,3728.31
11451,31612,3728.25
11451,100803,3728.32
11451,142413,3728.4
11451,142433,3727.81
11451,163070,3728.5
11451,168057,3727.81
11451,184367,3727.97
11451,245554,3728.18
11451,314034,3728.26
11451,383411,3728.25
11451,452317,3728.29
11451,521582,3728.25
11451,590508,3728.25
11451,659928,3728.25
11451,728711,3728.27
11451,797675,3728.38
11451,866311,3728.23
11451,52482,3728.18
11451,121535,3728.32
11451,190785,3728.27
11451,259534,3728.22
11451,278317,3728.42
11451,287907,3727.81
11451,356553,3728.49
11451,425897,3728.16
11451,494634,3728.08
11451,563546,3728.04
11451,632351,3728.31
11451,701600,3728.34
11451,771254,3728.14
11451,840603,3728.23
11451,30638,3728.26
11451,30726,3728.33
11451,30737,3727.81
11451,30745,3727.81
11451,30756,3727.81
11451,30764,3727.81
11451,30772,3727.81
11452,64992,3728.29
11452,121053,3728.27
11452,176471,3728.23
11452,231377,3728.22
11452,285696,3728.25
11452,339432,3728.23
11452,394617,3728.31
11452,450005,3728.24
11452,504801,3728.31
11452,559575,3728.3
11452,614751,3728.23
11452,669541,3728.27
11452,723693,3728.26
11452,777951,3728.19
11452,832739,3728.34
11452,14940,3728.24
11452,69886,3728.3
11452,123068,3728.27
11452,175803,3728.26
11452,230622,3728.45
11452,284899,3728.42
11452,339719,3728.26
11452,395497,3728.32
11452,450728,3728.28
11452,505866,3728.23
11452,560203,3728.32
11452,615163,3728.28
11452,669633,3728.35
11452,724765,3728.29
11452,778869,3728.31
11452,832829,3728.3
11452,11807,3728.21
11452,66845,3728.28
11452,121985,3728.27
11452,177173,3728.28
11452,232095,3728.23
11452,246645,3728.25
11452,253446,3727.81
11452,306784,3727.81
11452,361715,3728.4
11452,415967,3728.26
11452,471290,3728.27
11452,526441,3728.37
11452,581347,3728.3
11452,636042,3728.22
11452,691226,3728.3
11452,745863,3728.36
11452,800613,3728.25
11452,855492,3728.4
11452,37600,3728.33
11452,91665,3728.3
11452,145807,3728.27
11452,201998,3728.28
11452,256420,3728.27
11452,310999,3728.29
11452,365579,3728.31
11452,420889,3728.35
11452,475307,3728.24
11452,530426,3728.34
11452,586358,3728.25
11452,642013,3728.27
11452,697372,3728.23
11452,744680,3728.27
11452,744731,3728.25
11452,767206,3727.81
11452,780986,3728.62
11452,803904,3727.81
11452,803913,3727.81
11452,803937,3727.81
11452,803980,3727.81
11452,805787,3727.81
11452,840861,3728.33
11452,18849,3728.26
11452,72383,3728.24
11452,125660,3728.29
11452,179385,3728.3
11452,233917,3728.22
11452,289114,3728.28
11452,345297,3728.25
11452,400390,3728.23
11452,455002,3728.23
11452,509141,3728.29
11452,564412,3728.26
11452,620614,3728.25
11452,676298,3728.3
11452,730947,3728.33
11452,785740,3728.26
11452,840317,3728.31
11452,22611,3728.31
11452,77773,3728.2
11452,132492,3728.28
11452,187878,3728.29
11452,242774,3728.29
11452,297703,3728.24
11452,351976,3728.24
11452,406866,3728.33
11452,462171,3728.25
11452,515414,3728.29
11452,570358,3728.36
11452,624859,3728.26
11452,678890,3728.24
11452,732439,3728.28
11452,786782,3728.25
11452,841167,3728.32
11452,21067,3728.29
11452,76968,3728.31
11452,132300,3728.27
11452,186291,3728.33
11452,242021,3728.2
11452,297289,3728.31
11452,352461,3728.22
11452,406368,3728.27
11452,461238,3728.22
11452,516520,3728.28
11452,571527,3728.26
11452,626476,3728.22
11452,681665,3728.24
11452,736609,3728.23
11452,791081,3728.27
11452,846066,3728.19
11452,26486,3728.37
11452,81290,3728.22
11452,136192,3728.25
11452,191617,3728.32
11452,248063,3728.27
11452,303617,3728.24
11456,85462,3728.31
11456,152936,3728.26
11456,219550,3728.34
11456,286819,3728.37
11456,352760,3728.3
11456,418652,3728.29
11456,483942,3728.26
11456,549503,3728.28
11456,615164,3728.29
11456,686134,3728.22
11456,759385,3728.35
11456,832332,3728.31
11456,904927,3728.31
11456,978049,3728.38
11456,1050705,3728.31
11456,19163,3728.33
11456,94153,3728.25
11456,167612,3728.27
11456,242144,3728.35
11456,317000,3728.28
11456,389983,3728.25
11456,462496,3728.34
11456,536978,3728.32
11456,612030,3728.29
11456,685311,3728.23
11456,757438,3728.25
11456,829514,3728.28
11456,902351,3728.4
11456,975281,3728.33
11456,69829,3728.29
11456,143659,3728.28
11456,218311,3728.41
11456,292947,3728.35
11456,365383,3728.34
11456,437194,3728.36
11456,509803,3728.34
11456,584251,3728.2
11456,656818,3728.37
11456,728894,3728.35
11456,801606,3728.31
11456,873922,3728.28
11456,946262,3728.32
11456,1018815,3728.32
11456,29995,3728.38
11456,104377,3728.37
11456,178234,3728.26
11456,252740,3728.36
11456,326701,3728.3
11456,400577,3728.32
11456,473425,3728.35
11456,544694,3728.31
11456,618312,3728.39
11456,692785,3728.24
11456,766637,3728.35
11456,841815,3728.4
11456,916652,3728.29
11456,990790,3728.34
11456,45533,3728.4
11456,119279,3728.35
11456,194040,3728.29
11456,269315,3728.37
11456,343923,3728.31
11456,417387,3728.36
11456,490908,3728.3
11456,565910,3728.31
11456,639882,3728.36
11456,713371,3728.38
11456,72338,3728.35
11456,144021,3728.29
11456,217783,3728.31
11456,293156,3728.37
11456,368374,3728.24
11456,442788,3728.24
11456,516879,3728.3
11456,532739,3728.27
11456,532749,3727.81
11456,532756,3727.81
11456,532763,3727.81
11456,546807,3727.81
11456,616489,3728.51
11456,638245,3728.29
11456,638248,3727.81
11456,664474,3727.81
11456,737742,3728.65
11456,811807,3728.36
11456,885540,3728.27
11456,959244,3728.2
11456,13124,3728.27
11456,87524,3728.34
11456,162064,3728.27
11456,237206,3728.3
11456,311505,3728.26
11456,385516,3728.34
11456,460065,3728.35
11456,534344,3728.34
11456,608715,3728.19
11456,683358,3728.25
11456,756931,3728.29
11456,830809,3728.23
11456,905538,3728.3
11456,979542,3728.34
11456,29442,3728.35
11456,101374,3728.22
11456,174339,3728.36
11456,247246,3728.25
11456,319634,3728.39
11456,392209,3728.39
11456,465519,3728.25
11456,512622,3728.27
11456,522844,3727.81
11456,593522,3728.57
11456,666212,3728.17
11456,739791,3728.14
11456,812773,3728.12
11456,886599,3728.05
11456,959815,3728.16
11456,9714,3728.16
11456,83668,3728.19
11456,157638,3728.16
11456,231631,3728.12
11456,305968,3728.11
11456,379933,3728.1
11456,453991,3728.18
11456,527634,3728.11
11456,601378,3728.1
11456,675500,3728.16
11456,750053,3728.17
11456,824689,3728.05
11456,899257,3728.11
11456,973761,3728.06
11456,994505,3728.2
11456,19517,3727.81
11456,90940,3728.32
11456,162994,3728.3
11456,234550,3728.28
11456,306100,3728.31
11456,378054,3728.3
11456,451149,3728.22
11456,523993,3728.28
11456,596410,3728.24
11456,668056,3728.23
11456,739779,3728.26
11456,811341,3728.16
11456,884303,3728.26
11456,959460,3728.28
11456,15289,3728.26
11456,90040,3728.31
11456,164528,3728.29
11456,239234,3728.28
11456,313539,3728.24
11456,387601,3728.32
11456,462144,3728.26
11456,536542,3728.33
11456,610219,3728.35
11456,682011,3728.33
11456,753956,3728.26
11456,825348,3728.29
11456,898616,3728.23
11456,973132,3728.32
11456,26241,3728.25
11456,98951,3728.22
11456,173299,3728.29
11456,247383,3728.22
11456,321009,3728.32
11456,333118,3728.38
11456,333127,3727.81
11456,333135,3727.81
11456,333150,3727.81
11456,333170,3727.81
11456,333176,3727.81
11456,333193,3727.81
11456,333212,3727.81
11456,333222,3727.81
11456,333241,3727.81
11456,333252,3727.81
11456,333268,3727.81
11456,333277,3727.81
11456,333288,3727.81
11456,333303,3727.81
11456,333309,3727.81
11456,333323,3727.81
11456,354303,3727.81
11456,423475,3728.33
11456,495680,3728.29
11456,568562,3728.37
11456,640240,3728.25
11456,712304,3728.32
11456,786061,3728.31
11456,860938,3728.31
11456,935801,3728.3
11456,1010285,3728.28
11456,68800,3728.33
11456,143031,3728.25
11456,217558,3728.21
11456,291701,3728.31
11456,365269,3728.35
11456,439020,3728.3
11456,513561,3728.27
11456,588086,3728.29
11456,662096,3728.27
11456,736594,3728.29
11456,811437,3728.33
11456,885873,3728.3
11456,960916,3728.28
11493,13029,3728.64
11493,54524,3727.81
11493,100009,3728.58
11493,144924,3728.68
11493,190198,3728.69
11493,235258,3728.65
11493,280496,3728.63
11493,325881,3728.6
11493,371715,3728.61
11493,416889,3728.59
11493,462361,3728.62
11493,507463,3728.62
11493,552267,3728.62
11493,597432,3728.61
11493,642953,3728.61
11493,687737,3728.63
11493,732930,3728.67
11493,778261,3728.58
11493,823473,3728.63
11493,868391,3728.7
11493,913439,3728.69
11493,958066,3728.57
11493,1003543,3728.6
11493,1049342,3728.59
11493,1094562,3728.65
11493,1139478,3728.64
11493,1184027,3728.61
11493,1229465,3728.75
11493,1274663,3728.67
11493,1319461,3728.57
11493,14747,3728.62
11493,59787,3728.62
11493,105109,3728.66
11493,150082,3727.97
11493,195133,3727.92
11493,239709,3727.91
11493,284826,3727.94
11493,329251,3727.95
11493,374181,3727.84
11493,419600,3727.9
11493,464818,3727.78
11493,509738,3727.71
11493,555063,3727.7
11493,600451,3727.72
11493,645467,3727.77
11493,690988,3727.71
11493,735935,3727.72
11493,781115,3727.77
11493,826043,3727.78
11493,870929,3727.79
11493,915991,3727.71
11493,961364,3727.79
11493,1007172,3727.75
11493,1051933,3727.79
11493,1096877,3727.86
11493,1141898,3727.87
11493,1186313,3727.83
11493,1231412,3727.75
11493,1276355,3727.79
11493,1321096,3727.84
11493,16122,3727.8
11493,60494,3727.8
11493,105171,3727.83
11493,150078,3727.83
11493,195013,3727.81
11493,239972,3727.73
11493,284638,3727.81
11493,329023,3727.85
11493,373969,3727.87
11493,418695,3727.92
11493,463436,3727.95
11493,507616,3727.98
11493,552795,3727.96
11493,597494,3727.97
11493,631190,3728.02
11493,631603,3727.81
11493,631980,3727.81
11493,632306,3727.81
11493,632751,3727.81
11493,633078,3727.81
11493,633491,3727.81
11493,653879,3727.81
11493,695756,3727.79
11493,739537,3727.93
11493,783801,3727.85
11493,828874,3727.83
11493,873651,3727.85
11493,917912,3727.87
11493,962347,3727.84
11493,1007265,3727.88
11493,1052181,3727.8
11493,1096622,3727.81
11493,1140676,3727.76
11493,1185228,3727.75
11493,1230103,3727.8
11493,1274296,3727.77
11493,1319389,3727.74
11493,8261,3727.77
11493,52655,3727.81
11493,97259,3727.73
11493,141782,3727.78
11493,186457,3727.8
11493,231005,3727.81
11493,275412,3727.78
11493,320101,3727.84
11493,364789,3727.83
11493,409264,3727.77
11493,454161,3727.77
11493,498764,3727.84
11493,543823,3727.83
11493,588894,3727.79
11493,633790,3727.84
11493,678878,3727.88
11493,723306,3727.85
11493,768469,3727.94
11493,813490,3727.85
11493,858335,3727.83
11493,902780,3727.85
11493,948037,3727.89
11493,993089,3727.88
11493,1038322,3727.89
11493,1083243,3727.92
11493,1128375,3727.89
11493,1173716,3727.89
11493,1218422,3727.89
11493,1263201,3727.91
11493,1308295,3727.91
11493,964,3727.88
11493,45725,3727.89
11493,90775,3727.89
11493,135977,3727.88
11493,180633,3727.84
11493,225335,3728.04
11493,270106,3728
11493,304760,3727.87
11494,57305,3727.88
11494,102521,3727.82
11494,147926,3727.84
11494,192464,3727.82
11494,237431,3727.98
11494,282590,3727.91
11494,327634,3727.96
11494,373078,3727.93
11494,418021,3727.84
11494,463416,3727.82
11494,509392,3727.86
11494,554733,3727.85
11494,600181,3727.79
11494,645293,3727.8
11494,690739,3727.73
11494,735948,3727.68
11494,781346,3727.71
11494,826835,3727.63
11494,871671,3727.67
11494,917324,3727.7
11494,962800,3727.71
11494,1008506,3727.71
11494,1054275,3727.72
11494,1100233,3727.68
11494,1145839,3727.66
11494,1191487,3727.72
11494,1236940,3727.78
11494,1282626,3727.8
11494,1328445,3727.71
11494,24837,3727.8
11494,70084,3727.82
11494,115535,3727.73
11494,161263,3727.73
11494,206954,3727.76
11494,252024,3727.73
11494,297047,3727.74
11494,342255,3727.72
11494,387951,3727.74
11494,433735,3727.77
11494,479276,3727.76
11494,525307,3727.78
11494,571324,3727.82
11494,616804,3727.8
11494,662121,3727.79
11494,707187,3727.81
11494,752879,3727.82
11494,798187,3727.84
11494,843853,3727.86
11494,889714,3727.92
11494,935226,3727.82
11494,981453,3727.85
11494,1026812,3727.9
11494,1071727,3727.91
11494,1118773,3727.92
11494,1164917,3727.88
11494,1210142,3727.89
11494,44509,3727.92
11494,90103,3727.92
11494,136127,3727.89
11494,181699,3727.95
11494,227644,3727.92
11494,273583,3727.87
11494,319534,3727.98
11494,365348,3727.99
11494,410306,3727.94
11494,455477,3727.96
11494,501554,3728.03
11494,546977,3727.97
11494,592303,3727.95
11494,637754,3727.89
11494,683946,3727.91
11494,729156,3727.94
11494,774580,3727.95
11494,819410,3727.95
11494,864948,3728
11494,910455,3727.99
11494,955583,3728.13
11494,1001135,3728.05
11494,1046158,3728.03
11494,1091649,3727.98
11494,1136930,3728.04
11494,1182551,3728.05
11494,1228201,3727.99
11494,1273789,3727.97
11494,1319396,3727.97
11494,13311,3727.9
11494,58645,3727.98
11494,104247,3727.96
11494,149660,3728.02
11494,195104,3728.05
11494,241046,3728.01
11494,286930,3728.05
11494,332109,3728.14
11494,377475,3728.09
11494,423045,3728.05
11494,468746,3728.06
11494,514067,3728.04
11494,559159,3728.01
11494,604724,3727.99
11494,650168,3727.85
11494,695851,3727.87
11494,740988,3727.87
11494,786227,3727.87
11494,831123,3727.83
11494,876442,3727.84
11494,921593,3727.79
11494,966948,3727.82
11494,1012130,3727.87
11494,1057308,3727.79
11494,1102908,3727.87
11494,1147939,3727.87
11494,1192954,3727.85
11494,1237814,3727.8
11494,1282838,3727.81
11494,1328267,3727.87
11494,22036,3727.86
11494,66731,3727.79
11494,111870,3727.82
11494,157066,3727.9
11494,201736,3727.83
11494,243632,3727.9
11494,244046,3727.81
11494,250157,3727.81
11494,294194,3727.86
11494,338739,3727.87
11494,352338,3727.87
11494,352725,3727.81
11494,353150,3727.81
11494,353559,3727.81
11494,353899,3727.81
11494,354247,3727.81
11494,354645,3727.81
11494,354969,3727.81
11494,355384,3727.81
11494,387736,3727.97
11494,431142,3727.95
11494,475586,3727.96
11494,520228,3727.98
11494,565343,3728.03
11494,610904,3728.03
11494,656651,3728.01
11494,701900,3727.97
11494,747040,3727.98
11494,792126,3727.93
11494,837597,3728
11494,882688,3728.01
11494,928149,3728.01
11494,972822,3727.98
11494,1017736,3728
11494,1062133,3727.96
11494,1107074,3727.88
11494,1152528,3727.92
11494,1198024,3727.95
11494,1243037,3727.98
11494,1287970,3727.97
11494,1333168,3727.92
11494,21988,3727.96
11494,67710,3727.99
11494,112515,3727.94
11494,157449,3727.93
11494,202789,3727.87
11494,247804,3727.87
11494,293081,3727.92
11494,338447,3727.9
11494,383703,3727.91
11494,428650,3727.88
11494,473625,3727.89
11494,518532,3727.82
11494,563946,3727.87
11494,609246,3727.85
11494,654167,3727.88
11494,699155,3727.82
11494,744956,3727.88
11494,790545,3727.9
11494,835623,3727.91
11494,881396,3727.99
11494,927119,3727.93
11494,972167,3727.99
11494,1017568,3728.02
11494,1063669,3728.02
11494,1109076,3727.99
11494,1154692,3727.97
11494,1200643,3728.05
11494,1246325,3728.05
11494,1291386,3728.03
11494,1337230,3728
11495,55254,3727.98
11495,100810,3728.1
11495,146020,3728.01
11495,191848,3727.97
11495,237578,3727.96
11495,282714,3728.04
11495,327934,3728.11
11495,373484,3728.09
11495,418650,3728.05
11495,464231,3728.06
11495,509650,3728.03
11495,555143,3728.04
11495,600648,3728.08
11495,645696,3728.08
11495,690770,3728.03
11495,736452,3728.05
11495,782144,3728.11
11495,828219,3727.99
11495,873695,3727.96
11495,919671,3727.91
11495,965539,3727.98
11495,1010914,3727.96
11495,1056469,3727.95
11495,1102112,3727.93
11495,1147611,3727.9
11495,1193526,3727.93
11495,1239705,3727.86
11495,1284927,3727.82
11495,1330416,3727.91
11495,24887,3727.96
11495,70231,3727.87
11495,114642,3727.9
11495,160341,3727.88
11495,205516,3727.93
11495,250681,3727.89
11495,296408,3727.95
11495,342077,3727.94
11495,388137,3727.89
11495,433967,3727.89
11495,479688,3727.9
11495,525019,3727.89
11495,570622,3727.85
11495,572238,3727.81
11495,572580,3727.81
11495,573007,3727.81
11495,573317,3727.81
11495,573727,3727.81
11495,574061,3727.81
11495,600488,3727.81
11495,644160,3727.94
11495,689800,3727.89
11495,735390,3727.94
11495,781732,3728.05
11495,827914,3728.09
11495,873749,3728.13
11495,919937,3728.1
11495,965803,3728.06
11495,1011749,3728.08
11495,1057547,3728.05
11495,1103507,3728.07
11495,1149961,3728.1
11495,1195654,3728.08
11495,1240990,3728.09
11495,1287088,3728.05
11495,1332633,3728.02
11495,28803,3727.99
11495,74186,3728.07
11495,119414,3728.02
11495,164851,3727.96
11495,210038,3728.04
11495,256110,3728.01
11495,301427,3727.98
11495,346276,3728.01
11495,392154,3728.08
11495,438136,3728.08
11495,483434,3728.04
11495,528499,3728.04
11495,573804,3728.03
11495,619352,3728.06
11495,664807,3728
11495,709968,3728.05
11495,755175,3728.03
11495,800985,3728.09
11495,845658,3728.05
11495,890958,3728.13
11495,936837,3728.15
11495,982523,3728.18
11495,1027588,3728.17
11495,1073106,3728.18
11495,1118564,3728.13
11495,1164024,3728.15
11495,1209684,3728.15
11495,1256050,3728.18
11495,1301988,3728.14
11495,1347532,3728.17
11495,43136,3728.16
11495,88682,3728.09
11495,134144,3728.2
11495,180340,3728.14
11495,226359,3728.09
11495,273055,3728.18
11495,318962,3728.17
11495,364679,3728.14
11495,410769,3728.21
11495,456088,3728.18
11495,502161,3728.16
11495,547600,3728.09
11495,593250,3728.13
11495,639012,3728.09
11495,684686,3728.01
11495,730612,3728
11495,776492,3728
11495,822052,3727.98
11495,867698,3727.92
11495,913562,3727.89
11495,960052,3727.93
11495,1005587,3727.89
11495,1051929,3727.9
11495,1097941,3727.9
11495,1143836,3727.87
11495,1189536,3727.91
11495,1235340,3727.86
11495,1281329,3727.88
11495,1327250,3727.91
11495,28010,3727.91
11495,74005,3727.82
11495,119343,3727.9
11495,165271,3727.89
11495,210868,3727.93
11495,257217,3727.92
11495,303225,3727.85
11495,348879,3727.91
11495,394441,3727.93
11495,440758,3727.88
11495,487103,3727.86
11495,533193,3727.87
11495,579227,3727.9
11495,625210,3727.86
11495,671321,3727.9
11495,718029,3728
11495,764132,3728.01
11495,810286,3727.97
11495,856490,3727.95
11495,901977,3728.03
11495,947817,3728.02
11495,993697,3727.91
11495,1039273,3728.02
11495,1085207,3728.02
11495,1131359,3727.92
11495,1177706,3727.89
11495,1223899,3727.91
11495,1270086,3727.93
11495,1315780,3727.92
11495,18632,3727.9
11495,64680,3727.99
11495,110750,3727.96
11495,156306,3727.99
11495,202358,3727.97
11495,248348,3727.97
11495,294286,3727.96
11495,340246,3727.94
11495,386279,3727.97
11495,432112,3727.91
11495,478063,3727.83
11495,523937,3727.87
11495,570082,3727.87
11495,616185,3727.91
11495,662411,3727.89
11495,707957,3727.93
11495,753592,3727.88
11495,799370,3727.87
11495,845226,3727.79
11495,891273,3727.85
11495,937335,3727.87
11495,982783,3727.75
11495,1028642,3727.86
11495,1074562,3727.87
11495,1119879,3727.75
11495,1165843,3727.81
11495,1211808,3727.9
11495,1257656,3727.92
11495,1303387,3728
11495,6636,3727.82
11495,52316,3727.85
11495,97738,3727.9
11495,143755,3727.81
11495,189421,3727.84
11496,57062,3727.93
11496,102728,3727.99
11496,148412,3727.9
11496,193660,3727.96
11496,239944,3727.98
11496,285301,3727.96
11496,330715,3727.94
11496,376680,3727.96
11496,422649,3727.96
11496,468285,3727.91
11496,514248,3727.89
11496,559594,3727.87
11496,604776,3727.94
11496,650080,3727.91
11496,695420,3727.93
11496,740937,3727.94
11496,786649,3727.92
11496,832971,3727.95
11496,878073,3727.96
11496,923759,3728
11496,969676,3727.93
11496,1014778,3727.93
11496,1060440,3727.98
11496,1106032,3727.95
11496,1152029,3727.9
11496,1198028,3727.93
11496,1244219,3727.89
11496,1289932,3727.91
11496,1335885,3727.95
11496,36044,3727.93
11496,82498,3727.99
11496,127778,3727.9
11496,173733,3727.91
11496,219577,3727.89
11496,265420,3727.87
11496,311096,3727.81
11496,357219,3727.8
11496,403123,3727.73
11496,448842,3727.74
11496,494501,3727.76
11496,540194,3727.75
11496,585772,3727.7
11496,631333,3727.75
11496,676945,3727.73
11496,723013,3727.74
11496,769097,3727.74
11496,814396,3727.77
11496,859608,3727.78
11496,905174,3727.81
11496,950852,3727.81
11496,996934,3727.87
11496,1042757,3727.81
11496,1088714,3727.81
11496,1134285,3727.79
11496,1179802,3727.79
11496,1225415,3727.71
11496,1270337,3727.75
11496,1315756,3727.79
11496,15800,3727.74
11496,61635,3727.74
11496,106905,3727.79
11496,152740,3727.74
11496,198534,3727.76
11496,243971,3727.72
11496,290097,3727.8
11496,335875,3727.84
11496,381259,3727.89
11496,426420,3727.88
11496,471729,3727.86
11496,516929,3727.95
11496,562634,3727.92
11496,608219,3727.97
11496,653856,3727.96
11496,699091,3727.88
11496,744342,3727.9
11496,789962,3727.92
11496,835196,3727.97
11496,880658,3727.91
11496,925861,3727.94
11496,971578,3727.96
11496,1016889,3727.99
11496,1062472,3727.94
11496,1107603,3727.9
11496,1153100,3727.95
11496,1198264,3727.9
11496,1243535,3727.89
11496,1288879,3727.9
11496,1334056,3727.94
11496,33473,3727.87
11496,78500,3727.84
11496,123512,3727.78
11496,169040,3727.86
11496,214225,3727.89
11496,259376,3727.88
11496,304830,3727.9
11496,349860,3727.92
11496,395160,3727.92
11496,440727,3727.93
11496,485942,3727.92
11496,531293,3727.98
11496,576832,3728.01
11496,622397,3727.92
11496,667598,3728.01
11496,712915,3727.97
11496,757826,3728.01
11496,803254,3727.83
11496,848436,3727.86
11496,893459,3727.92
11496,938518,3727.96
11496,983919,3727.95
11496,1029446,3727.92
11496,1074353,3727.97
11496,1119538,3727.96
11496,1164466,3728.01
11496,1209649,3727.96
11496,1255014,3728.05
11496,1300430,3728.07
11496,1346116,3727.97
11496,43808,3728.03
11496,89129,3728.06
11496,134576,3728.06
11496,179724,3727.99
11496,224956,3727.98
11496,270501,3727.95
11496,316055,3727.92
11496,361106,3727.81
11496,406541,3727.83
11496,452034,3727.81
11496,497309,3727.83
11496,542289,3727.83
11496,587701,3727.84
11496,632892,3727.79
11496,678037,3727.78
11496,723356,3727.78
11496,768547,3727.85
11496,813896,3727.85
11496,859003,3727.88
11496,904513,3727.86
11496,949970,3727.83
11496,995229,3727.82
11496,1040427,3727.86
11496,1085902,3727.86
11496,1131690,3727.85
11496,1177521,3727.87
11496,1223329,3727.9
11496,1268260,3727.92
11496,1313083,3727.88
11496,13061,3727.98
11496,57831,3727.94
11496,102773,3727.91
11496,148580,3727.94
11496,193536,3727.96
11496,239108,3727.98
11496,284557,3728.03
11496,329566,3728.03
11496,375171,3728.06
11496,420619,3728.05
11496,466406,3728.05
11496,511735,3727.97
11496,557408,3728.07
11496,603144,3728.07
11496,645843,3728.01
11551,488,3727.81
11551,69216,3727.81
11551,142219,3728.12
11551,216805,3728.2
11551,291972,3728.13
11551,367226,3728.19
11551,440214,3728.25
11551,513265,3728.23
11551,586346,3728.27
11551,658658,3728.19
11551,731091,3728.18
11551,747316,3728.23
11551,747743,3727.81
11551,803372,3727.81
11551,877232,3728.26
11551,902113,3728.39
11551,902396,3727.81
11551,940941,3727.81
11551,995351,3728.05
11551,995686,3727.81
11551,996013,3727.81
11551,996439,3727.81
11551,996781,3727.81
11551,997206,3727.81
11551,997573,3727.81
11551,997994,3727.81
11551,998357,3727.81
11551,1053124,3727.81
11551,21931,3728.14
11551,95997,3728.21
11551,104079,3727.81
11551,139499,3727.81
11551,210775,3728.09
11551,282704,3728.1
11551,355408,3728.12
11551,428925,3728.17
11551,502777,3728.15
11551,576971,3728.18
11551,651606,3728.06
11551,725991,3728.11
11551,800849,3728.11
11551,874951,3728.05
11551,949565,3728.14
11551,1023322,3728.17
11551,1097668,3728.16
11551,65948,3728.12
11551,141693,3728.22
11551,187983,3728.16
11551,188337,3727.81
11551,188717,3727.81
11551,260470,3727.82
11551,334915,3728.13
11551,406339,3728.24
11551,406773,3727.81
11551,407093,3727.81
11551,423414,3727.81
11551,423740,3727.81
11551,424158,3727.81
11551,424495,3727.81
11551,490211,3727.81
11551,563749,3728.19
11551,638330,3728.22
11551,712313,3728.2
11551,785883,3728.24
11551,858986,3728.21
11551,900543,3728.15
11551,900543,3728.19
11551,900543,3728.13
11551,900543,3728.26
11551,900543,3728.21
11551,900543,3727.81
11551,900543,3727.81
11551,900543,3727.81
11551,900543,3727.81
11551,900543,3727.81
11551,900543,3727.81
11551,900543,3727.81
11551,900543,3727.81
11551,900543,3727.88
11551,900543,3728.22
11551,900543,3728.19
11551,900543,3728.18
11551,900543,3728.21
11551,900543,3728.2
11551,900543,3728.23
11551,900543,3728.18
11551,900543,3728.27
11551,900543,3728.18
11554,85887,3728.17
11554,158932,3728.19
11554,231870,3728.37
11554,304599,3728.16
11554,378613,3728.18
11554,453930,3728.17
11554,474907,3728.19
11554,505416,3727.81
11554,579090,3727.79
11554,653532,3728.18
11554,728411,3728.18
11554,803849,3728.21
11554,879566,3728.21
11554,955328,3728.17
11554,1030431,3728.18
11554,1034639,3728.25
11554,1034974,3727.81
11554,1035401,3727.81
11554,1035726,3727.81
11554,1036144,3727.81
11554,1036476,3727.81
11554,1036884,3727.81
11554,1037218,3727.81
11554,1037597,3727.81
11554,1058015,3727.81
11554,22790,3727.81
11554,96643,3728.29
11554,170745,3728.24
11554,244867,3728.14
11554,319597,3728.2
11554,395649,3728.21
11554,471651,3728.25
11554,546178,3728.08
11554,620767,3728.26
11554,695533,3728.16
11554,770340,3728.19
11554,845040,3728.11
11554,920325,3728.2
11554,942518,3728.14
11554,942936,3727.81
11554,943281,3727.81
11554,943697,3727.81
11554,944067,3727.81
11554,944402,3727.81
11554,944814,3727.81
11554,945156,3727.81
11554,945548,3727.81
11554,945878,3727.81
11554,946289,3727.81
11554,946610,3727.81
11554,947023,3727.81
11554,947428,3727.81
11554,947781,3727.81
11554,948118,3727.81
11554,948535,3727.81
11554,948871,3727.81
11554,949250,3727.81
11562,69967,3727.81
11562,143512,3727.96
11562,219390,3728.24
11562,295454,3728.26
11562,371437,3728.16
11562,447619,3728.18
11562,523628,3728.18
11562,599337,3728.19
11562,674980,3728.13
11562,751037,3728.16
11562,826886,3728.16
11562,902588,3728.21
11562,978252,3728.11
11562,1053427,3728.15
11562,66744,3728.15
11562,142630,3728.2
11562,218835,3728.16
11562,255027,3728.14
11562,298912,3728.16
11562,374846,3727.81
11562,392085,3728.17
11562,392661,3727.81
11562,393207,3727.81
11562,393769,3727.81
11562,394382,3727.81
11562,394942,3727.81
11562,461765,3728.17
11562,536050,3728.23
11562,611005,3728.19
11562,686283,3728.18
11562,762118,3728.11
11562,837516,3728.15
11562,913220,3728.18
11562,988630,3728.18
11562,1063829,3728.16
11562,75369,3728.19
11562,150633,3728.13
11562,226384,3728.16
11562,302328,3728.13
11562,378085,3728.19
11562,453617,3728.19
11562,529615,3728.21
11562,603357,3728.19
11562,676634,3728.16
11562,750049,3728.22
11562,823621,3728.24
11562,896659,3728.07
11562,969938,3728.14
11562,1043024,3728.16
11562,56196,3728.22
11562,132332,3728.14
11562,208463,3728.15
11562,285546,3728.14
11562,362373,3728.2
11562,437503,3728.12
11562,512745,3728.13
11562,589037,3728.09
11562,663295,3728.24
11562,738935,3728.12
11562,815073,3728.21
11562,891003,3728.17
11562,905047,3728.16
11562,952683,3727.81
11562,1026917,3728.01
11562,46392,3728.16
11562,121018,3728.12
11562,196005,3728.24
11562,270513,3728.19
11562,345573,3728.17
11562,421160,3728.19
11562,496558,3728.17
11562,571810,3728.17
11562,647483,3728.2
11562,723546,3728.18
11562,799660,3728.17
11562,875572,3728.21
11562,951392,3728.17
11562,1027369,3728.2
11562,47403,3728.14
11562,123456,3728.2
11562,199522,3728.16
11562,275650,3728.24
11562,351150,3728.13
11562,426656,3728.21
11562,501924,3728.2
11562,577963,3728.15
11562,654265,3728.11
11562,730561,3728.08
11562,806822,3728.19
11562,882880,3728.17
11562,958699,3728.18
11562,1034513,3728.17
11562,52930,3728.27
11562,127825,3728.13
11562,135048,3728.21
11562,203683,3727.81
11562,215635,3727.92
11562,275050,3727.81
11562,350568,3728.84
11562,426818,3728.23
11562,503268,3728.28
11562,579699,3728.23
11562,655719,3728.22
11562,731864,3728.13
11562,807830,3728.16
11562,884446,3728.13
11562,940897,3728.1
11562,960972,3728.19
11562,1034323,3727.81
11562,53566,3727.94
11562,130469,3728.23
11562,206886,3728.18
11562,282977,3728.15
11562,359166,3728.17
11562,435092,3728.2
11562,511281,3728.14
11562,586848,3728.32
11562,663082,3728.13
11562,737307,3728.19
11562,793336,3728.11
11562,793336,3728.25
11562,793336,3728.2
11562,793336,3728.25
11562,793336,3728.15
11562,793336,3728.14
11562,793336,3728.2
11562,793336,3728.14
11562,793336,3728.18
11562,793336,3728.15
11562,793336,3728.2
11562,793336,3728.11
11563,87932,3728.18
11563,163408,3728.22
11563,238970,3728.16
11563,314018,3728.15
11563,389086,3728.17
11563,463721,3728.19
11563,538329,3728.2
11563,613094,3728.22
11563,688101,3728.15
11563,763128,3728.18
11563,838423,3728.14
11563,914134,3728.09
11563,990982,3728.17
11563,9581,3728.24
11563,85625,3728.11
11563,160736,3728.17
11563,237192,3728.27
11563,313315,3728.18
11563,389526,3728.14
11563,465954,3728.09
11563,542224,3728.12
11563,618432,3728.15
11563,695215,3728.19
11563,771941,3728.15
11563,777442,3728.12
11563,777442,3728.18
11563,777442,3728.19
11563,777442,3728.15
11563,777442,3728.22
11563,777442,3728.14
11563,777442,3728.15
11563,777442,3728.15
11563,777442,3728.2
11563,777442,3728.16
11563,777442,3728.31
11563,777442,3728.19
11563,777442,3728.19
11563,777442,3728.16
11563,777442,3728.18
11563,777442,3728.18
11563,777442,3728.2
11563,777442,3728.21
11563,777442,3728.21
11563,777442,3728.18
11563,777442,3728.12
11563,777442,3728.14
11563,777442,3728.1
11564,89512,3728.08
11564,165940,3728.13
11564,242424,3728.09
11564,318383,3728.2
11564,394135,3728.15
11564,470089,3728.12
11564,545658,3728.21
11564,621856,3728.17
11564,698290,3728.18
11564,774197,3728.16
11564,849870,3728.19
11564,925790,3728.1
11564,1001818,3728.18
11564,19716,3728.14
11564,93436,3728.14
11564,167935,3728.1
11564,242293,3728.17
11564,316493,3728.19
11564,389781,3728.15
11564,463330,3728.16
11564,536681,3728.18
11564,610535,3728.13
11564,685228,3728.2
11564,762401,3728.15
11564,839192,3728.19
11564,915826,3728.11
11564,992666,3728.17
11564,17524,3728.14
11564,93169,3728.12
11564,169356,3728.18
11564,246121,3728.13
11564,320646,3728.21
11564,394759,3728.09
11564,468975,3728.21
11564,544863,3728.14
11564,621845,3728.15
11564,697854,3728.14
11564,773365,3728.17
11564,849398,3728.14
11564,926044,3728.1
11564,1002485,3728.21
11564,25601,3728.19
11564,101797,3728.14
11564,177989,3728.17
11564,252450,3728.13
11564,326478,3728.16
11564,400721,3728.09
11564,474653,3728.17
11564,548017,3728.15
11564,620908,3728.19
11564,694439,3728.14
11564,770915,3728.13
11564,846645,3728.21
11564,923334,3728.16
11564,1000515,3728.22
11564,24046,3728.15
11564,100470,3728.18
11564,176945,3728.22
11564,253023,3728.16
11564,328808,3728.16
11564,404990,3728.17
11564,465708,3728.12
11564,465708,3728.17
11564,465708,3728.18
11564,465708,3728.2
11564,465708,3728.2
11565,91106,3728.2
11565,166760,3728.2
11565,243383,3728.15
11565,320371,3728.16
11565,397055,3728.16
11565,473896,3728.22
11565,549903,3728.15
11565,625905,3728.19
11565,702103,3728.12
11565,778635,3728.2
11565,855300,3728.17
11565,931983,3728.12
11565,1008485,3728.16
11565,27676,3728.16
11565,104090,3728.15
11565,180508,3728.14
11565,256929,3728.19
11565,333218,3728.21
11565,409881,3728.11
11565,486545,3728.14
11565,561419,3728.16
11565,562056,3728.16
11565,562599,3727.81
11565,563177,3727.81
11565,563733,3727.81
11565,564236,3727.81
11565,564850,3727.81
11565,565336,3727.81
11565,590400,3727.81
11565,664294,3727.81
11565,739951,3728.13
11565,816137,3728.14
11565,892922,3728.16
11565,968441,3728.22
11565,1042922,3728.14
11565,61863,3728.23
11565,138378,3728.18
11565,214681,3728.18
11565,291404,3728.16
11565,367723,3728.17
11565,444357,3728.17
11565,520907,3728.14
11565,597373,3728.19
11565,673618,3728.11
11565,750386,3728.14
11565,827424,3728.1
11565,904149,3728.22
11565,979910,3728.23
11565,1053769,3728.13
11565,70503,3728.2
11565,143970,3728.2
11565,218524,3728.22
11565,292905,3728.2
11565,367169,3728.19
11565,440994,3728.17
11565,514765,3728.17
11565,588400,3728.16
11565,664509,3728.18
11565,739605,3728.2
11565,813861,3728.12
11565,888895,3728.14
11565,965696,3728.18
11565,1042478,3728.23
11565,61794,3728.11
11565,138463,3728.23
11565,215236,3728.13
11565,290555,3728.13
11565,366452,3728.21
11565,443005,3728.11
11565,518328,3728.2
11565,589428,3728.13
11565,607351,3727.81
11565,680618,3728.25
11565,756118,3728.21
11565,832501,3728.13
11565,908742,3728.14
11565,985101,3728.16
11565,4504,3728.13
11565,80480,3728.21
11565,156822,3728.21
11565,232398,3728.16
11565,269281,3728.2
11565,322659,3727.81
11565,398052,3728.02
11568,91513,3728.14
11568,168653,3728.12
11568,245304,3728.14
11568,322391,3728.07
11568,399085,3728.14
11568,475261,3728.13
11568,552021,3728.21
11568,627927,3728.13
11568,702504,3728.15
11568,777301,3728.06
11568,851576,3728.17
11568,925199,3728.15
11568,999997,3728.29
11568,17879,3728.16
11568,94288,3728.19
11568,170678,3728.16
11568,247241,3728.16
11568,323512,3728.18
11568,398724,3728.13
11568,474719,3728.17
11568,550749,3728.13
11568,627929,3728.16
11568,705091,3728.22
11568,782148,3728.11
11568,859469,3728.22
11568,936538,3728.17
11568,1013158,3728.13
11568,30460,3728.15
11568,106302,3728.16
11568,182452,3728.07
11568,258786,3728.17
11568,334529,3728.07
11568,408598,3728.23
11568,481854,3727.94
11568,555319,3728.24
11568,629663,3728.15
11568,706616,3728.17
11568,783033,3728.18
11568,857039,3728.2
11568,934017,3728.13
11568,1010487,3728.14
11568,25447,3728.21
11568,99601,3728.15
11568,175292,3728.19
11568,251599,3728.16
11568,328050,3728.19
11568,404434,3728.14
11568,480580,3728.18
11568,556612,3728.1
11568,630346,3728.15
11568,704478,3728.14
11568,778444,3728.1
11568,852159,3728.06
11568,925653,3728.14
11568,999394,3728.11
11568,12785,3728.15
11568,86955,3728.16
11568,161398,3728.16
11568,235341,3728.2
11568,309479,3728.17
11568,383830,3728.18
11568,460879,3728.1
11568,537468,3728.14
11568,613739,3728.2
11568,689517,3728.15
11568,765300,3728.21
11568,840978,3728.12
11568,917203,3728.18
11568,994269,3728.17
11568,12236,3728.16
11568,88910,3728.16
11568,165585,3728.11
11568,242461,3728.19
11568,318790,3728.13
11568,395261,3728.1
11568,472026,3728.24
11568,548462,3728.08
11568,625240,3728.09
11568,702008,3728.16
11568,778399,3728.24
11568,854454,3728.18
11568,931033,3728.12
11568,1007025,3728.16
11568,25638,3728.2
11568,101562,3728.15
11568,175770,3728.13
11568,246698,3728.17
11568,246698,3728.15
11568,246698,3728.16
11568,246698,3728.14
11568,246698,3728.17
11570,97024,3728.19
11570,173119,3728.09
11570,246708,3728.12
11570,321382,3728.15
11570,397813,3728.13
11570,474474,3728.23
11570,551304,3728.21
11570,627056,3728.14
11570,661535,3728.21
11570,671888,3728.17
11570,747716,3727.81
11570,822543,3727.84
11570,896756,3728.2
11570,973049,3728.15
11570,1049716,3728.16
11570,62061,3728.15
11570,138847,3728.17
11570,215672,3728.17
11570,292472,3728.18
11570,368720,3728.24
11570,445437,3728.1
11570,522125,3728.14
11570,598216,3728.19
11570,674564,3728.15
11570,750981,3728.13
11570,827069,3728.09
11570,902608,3728.18
11570,978376,3728.13
11570,1054536,3728.19
11570,67641,3728.2
11570,144786,3728.15
11570,221188,3728.14
11570,297730,3728.09
11570,374421,3728.17
11570,450435,3728.09
11570,526578,3728.17
11570,602905,3728.22
11570,679211,3728.23
11570,755929,3728.17
11570,833209,3728.15
11570,910483,3728.23
11570,986861,3728.16
11570,1848,3728.17
11570,75930,3728.12
11570,149687,3728.17
11570,223473,3728.21
11570,270256,3728.19
11570,307283,3727.81
11570,368176,3727.98
11570,368730,3727.81
11570,369341,3727.81
11570,369840,3727.81
11570,370395,3727.81
11571,94066,3728.18
11571,169455,3728.11
11571,244831,3728.19
11571,319483,3728.13
11571,395883,3728.13
11571,472421,3728.13
11571,548714,3728.18
11571,573823,3728.09
11571,574317,3727.81
11571,574938,3727.81
11571,629969,3727.81
11571,705728,3728.15
11571,781814,3728.14
11571,858293,3728.15
11571,934831,3728.06
11571,1011660,3728.08
11571,22257,3728.15
11571,98508,3728.08
11571,173815,3728.16
11571,247554,3728.12
11571,321809,3728.15
11571,397656,3728.17
11571,471906,3728.14
11571,545508,3728.14
11571,620711,3728.14
11571,697223,3728.22
11571,771277,3728.11
11571,845262,3728.14
11571,919988,3728.16
11571,994709,3728.22
11571,4417,3728.04
11571,78115,3728.17
11571,151598,3728.16
11571,224751,3728.16
11571,299097,3728.09
11571,374991,3728.18
11571,449474,3728.14
11571,522066,3728.17
11571,595620,3728.17
11571,669888,3728.13
11571,746414,3728.15
11571,821591,3728.2
11571,896327,3728.16
11571,972425,3728.18
11571,1046695,3728.13
11571,55858,3728.19
11571,129807,3728.17
11571,203046,3728.06
11571,276326,3728.14
11571,350192,3728.09
11571,424945,3728.17
11571,499759,3728.15
11571,574128,3728.14
11571,650522,3728.16
11571,726570,3728.15
11571,779591,3728.14
11571,817278,3727.81
11571,893521,3728.28
11571,970839,3728.18
11571,1047543,3728.16
11571,60188,3728.14
11571,136556,3728.22
11571,212616,3728.15
11571,289129,3728.2
11571,363021,3728.16
11571,437116,3728.15
11571,511339,3728.26
11571,585093,3728.16
11571,659637,3728.16
11571,734203,3728.12
11579,91881,3728.19
11579,162657,3728.1
11579,232426,3728.21
11579,303052,3728.09
11579,373455,3728.17
11579,445030,3728.13
11579,517483,3728.18
11579,589413,3728.21
11579,661899,3728.17
11579,733980,3728.23
11579,804712,3728.24
11579,874589,3728.09
11579,944740,3728.14
11579,1014541,3728.17
11579,1084904,3728.17
11579,61152,3728.17
11579,133744,3728.2
11579,205459,3728.1
11579,276860,3728.18
11579,347861,3728.13
11579,418784,3728.19
11579,489961,3728.19
11579,561151,3728.18
11579,587061,3728.09
11579,587655,3727.81
11579,588159,3727.81
11579,597345,3727.81
11579,663532,3727.81
11579,733544,3728.17
11579,803164,3728.21
11579,873806,3728.14
11579,945314,3728.23
11579,1017252,3728.19
11579,1088944,3728.19
11579,38479,3728.3
11579,109897,3728.17
11579,182866,3728.22
11579,255173,3728.15
11579,327400,3728.21
11579,399395,3728.15
11579,471502,3728.15
11579,543201,3728.23
11579,614720,3728.22
11579,687915,3728.16
11579,760387,3728.21
11579,833322,3728.11
11579,905672,3728.15
11579,976462,3728.06
11579,1046393,3728.12
11579,44125,3728.21
11579,116020,3728.26
11579,188670,3728.17
11579,261645,3728.17
11579,334398,3728.14
11579,406775,3728.21
11579,479337,3728.1
11579,551525,3728.2
11579,623882,3728.15
11579,696630,3728.13
11579,768426,3728.24
11579,839942,3728.15
11579,910630,3728.18
11579,982275,3728.17
11579,1054581,3728.15
11579,10995,3728.17
11579,509,3728.17
11579,70441,3728.14
11579,141044,3728.21
11579,212161,3728.17
11579,282810,3728.22
11579,353203,3728.19
11579,423099,3728.19
11579,469364,3728.19
11579,469875,3728.12
11579,470468,3727.81
11579,470967,3727.81
11579,471583,3727.81
11579,472018,3727.81
11579,489575,3727.81
11579,552571,3727.81
11579,623085,3728.15
11579,694357,3728.13
11579,765727,3728.25
11579,835934,3728.07
11579,906197,3728.21
11579,976632,3728.14
11579,1046607,3728.23
11579,1115788,3728.12
11579,64608,3728.18
11579,133655,3728.14
11579,202756,3728.18
11579,273448,3728.13
11579,344550,3728.2
11579,415990,3728.15
11579,488154,3728.17
11579,559890,3728.14
11579,631286,3728.11
11579,702598,3728.13
11579,774644,3728.14
11579,846837,3728.14
11579,919382,3728.11
11579,991189,3728.18
11579,1063267,3728.11
11579,18292,3728.09
11579,90224,3728.15
11579,162178,3728.14
11579,234602,3728.18
11579,307216,3728.18
11579,379627,3728.16
11579,452180,3728.14
11579,521977,3728.09
11579,594147,3728.14
11579,665198,3728.13
11579,736385,3728.12
11579,774321,3728.2
11579,776351,3727.81
11579,839941,3728.29
11579,910843,3728.16
11579,981071,3728.2
11579,1051218,3728.19
11579,5627,3728.1
11579,75208,3728.17
11579,145998,3728.13
11579,217984,3728.06
11579,289550,3728.1
11579,359964,3728.19
11579,429783,3728.11
11579,499643,3728.19
11579,570091,3728.15
11579,640381,3728.14
11579,711003,3728.22
11579,781555,3728.16
11579,853161,3728.16
11579,924987,3728.17
11579,996228,3728.15
11579,1065868,3728.21
11579,18936,3728.16
11579,88601,3728.2
11579,158570,3728.15
11579,228457,3728.22
11579,297888,3728.13
11579,369037,3728.18
11579,439919,3728.17
11579,509384,3728.16
11579,579721,3728.09
11579,649866,3728.21
11579,720129,3728.07
11579,790766,3728.17
11579,862828,3728.16
11579,934799,3728.2
11579,1006972,3728.1
11579,1078131,3728.17
11579,30509,3728.18
11579,101660,3728.2
11579,171930,3728.15
11579,242081,3728.14
11579,311990,3728.2
11579,382469,3728.11
11579,452506,3728.15
11579,523644,3728.15
11579,595882,3728.2
11579,667876,3728.11
11579,739826,3728.18
11579,812562,3728.08
11579,885817,3728.15
11579,957975,3728.2
11579,1030229,3728.13
11579,1100929,3728.2
11579,55262,3728.15
11579,127265,3728.17
11579,199574,3728.13
11579,271895,3728.15
11579,343431,3728.21
11579,416022,3728.1
11579,486812,3728.16
11579,557441,3728.14
11579,629333,3728.12
11579,661653,3728.15
11579,701730,3727.81
11579,715132,3727.81
11579,784354,3727.94
11579,855730,3728.08
11579,927350,3728.19
11579,998868,3728.14
11579,1070195,3728.13
11579,22730,3728.18
11579,94626,3728.17
11579,166047,3728.17
11579,237242,3728.17
11579,308409,3728.19
11579,381235,3728.18
11579,453933,3728.17
11579,526015,3728.15
11579,597704,3728.1
11579,669790,3728.24
11579,742193,3728.13
11579,814246,3728.21
11579,886429,3728.15
11579,957724,3728.18
11579,1028675,3728.13
11579,1099668,3728.15
11580,87263,3728.11
11580,158794,3728.17
11580,230753,3728.11
11580,302175,3728.14
11580,374099,3728.13
11580,445908,3728.16
11580,517631,3728.09
11580,589031,3728.19
11580,659450,3728.12
11580,729679,3728.16
11580,800615,3728.16
11580,871493,3728.16
11580,943238,3728.19
11580,1014861,3728.2
11580,1030444,3728.17
11580,1092836,3727.81
11580,46937,3728.21
11580,118850,3728.19
11580,190726,3728.14
11580,261873,3728.12
11580,332935,3728.14
11580,404482,3728.11
11580,476254,3728.14
11580,548543,3728.24
11580,619748,3728.16
11580,691053,3728.18
11580,762475,3728.18
11580,834650,3728.13
11580,907390,3728.11
11580,979637,3728.16
11580,1051997,3728.17
11580,10460,3728.15
11580,82255,3728.17
11580,152881,3728.16
11580,222020,3728.23
11580,293020,3728.2
11580,364527,3728.16
11580,436270,3728.19
11580,508256,3728.15
11580,578268,3728.16
11580,649007,3728.14
11580,720017,3728.2
11580,792364,3728.16
11580,863197,3728.11
11580,935286,3728.09
11580,1006785,3728.24
11580,1078472,3728.13
11580,34974,3728.35
11580,98845,3728.34
11580,99380,3727.81
11580,109577,3727.81
11580,181154,3728.31
11580,251810,3728.2
11580,322113,3728.17
11580,392459,3728.07
11580,463095,3728.02
11580,533254,3728.1
11580,560585,3728.03
11580,560585,3728.1
11580,560585,3728
11580,560585,3728.07
11580,560585,3728.09
11580,560585,3728.02
11580,560585,3728.02
11580,560585,3728.1
11580,560585,3728.01
11580,560585,3728.03
11580,560585,3728.05
11580,560585,3727.99
11580,560585,3728.03
11580,560585,3727.97
11580,560585,3727.89
11580,560585,3727.81
11580,560585,3727.81
11580,560585,3727.88
11580,560585,3727.98
11580,560585,3728.02
11580,560585,3728.03
11580,560585,3728.13
11580,560585,3728.18
11580,560585,3728.22
11580,560585,3728.23
11580,560585,3728.24
11581,87932,3728.09
11581,159563,3728.18
11581,231392,3728.2
11581,304076,3728.16
11581,376197,3728.19
11581,448114,3728.14
11581,519573,3728.2
11581,591152,3728.11
11581,662096,3728.17
11581,734028,3728.15
11581,805236,3728.12
11581,875438,3728.23
11581,945382,3728.12
11581,1015756,3728.2
11581,1086635,3728.15
11581,40445,3728.15
11581,112260,3728.12
11581,183944,3728.19
11581,255502,3728.16
11581,327285,3728.14
11581,399872,3728.23
11581,472352,3728.2
11581,545108,3728.18
11581,618104,3728.12
11581,691036,3728.18
11581,761972,3728.21
11581,831972,3728.19
11581,902149,3728.2
11581,973709,3728.13
11581,1046279,3728.19
11581,1636,3728.11
11581,73276,3728.2
11581,145225,3728.19
11581,217175,3728.23
11581,289128,3728.09
11581,361062,3728.23
11581,433224,3728.15
11581,505697,3728.16
11581,577303,3728.17
11581,648457,3728.16
11581,719683,3728.23
11581,791405,3728.17
11581,861930,3728.16
11581,932041,3728.22
11581,1003212,3728.11
11581,1074771,3728.16
11581,30049,3728.12
11581,101221,3728.17
11581,172401,3728.14
11581,242351,3728.17
11581,313185,3728.12
11581,383815,3728.19
11581,454083,3728.14
11581,524275,3728.21
11581,594882,3728.22
11581,664779,3728.14
11581,735973,3728.1
11581,808021,3728.1
11581,879195,3728.16
11581,950504,3728.11
11581,1020612,3728.11
11581,1091521,3728.11
11581,44973,3728.2
11581,116248,3728.16
11581,187188,3728.19
11581,230502,3728.11
11581,231062,3727.81
11581,231617,3727.81
11581,232175,3727.81
11581,232676,3727.81
11581,233280,3727.81
11581,252712,3727.81
11581,309732,3728.19
11581,379900,3728.15
11581,451332,3728.1
11581,522764,3728.23
11581,594427,3728.14
11581,666206,3728.19
11581,738511,3728.17
11581,810487,3728.15
11581,882773,3728.14
11581,953075,3728.19
11581,1023072,3728.11
11581,1094369,3728.19
11581,43904,3728.19
11581,115721,3728.19
11581,187237,3728.17
11581,257516,3728.14
11581,327539,3728.2
11581,397909,3728.12
11581,468533,3728.18
11581,539880,3728.2
11581,610528,3728.21
11581,681217,3728.17
11581,750987,3728.17
11581,822762,3728.14
11581,895311,3728.18
11581,967896,3728.19
11581,1040121,3728.19
11581,1112768,3728.18
11581,70353,3728.08
11581,142980,3728.22
11581,215010,3728.19
11581,283515,3728.13
11581,352614,3728.15
11581,422946,3728.18
11581,495463,3728.17
11581,567167,3728.17
11581,639755,3728.2
11581,712044,3728.13
11581,784189,3728.14
11581,854654,3728.11
11581,925675,3728.19
11581,995828,3728.2
11581,1065431,3728.22
11581,18006,3728.11
11581,88418,3728.19
11581,159094,3728.18
11581,231057,3728.13
11581,302134,3728.18
11581,373348,3728.15
11581,383210,3728.2
11581,408987,3727.81
11581,480367,3727.98
11581,551306,3728.25
11581,622158,3728.16
11581,693883,3728.19
11581,766319,3728.18
11581,838781,3728.16
11581,910877,3728.2
11581,981260,3728.12
11581,1053589,3728.23
11581,7508,3728.2
11581,21679,3728.22
11581,87880,3727.81
11581,158450,3728.08
11581,229004,3728.18
11581,300261,3728.17
11581,370140,3728.19
11581,425714,3728.25
11581,446925,3728.25
11581,518456,3727.81
11582,30779,3728.08
11582,56548,3727.81
11582,126658,3727.91
11582,196181,3728.14
11582,266438,3728.12
11582,338633,3728.22
11582,410948,3728.12
11582,483474,3728.13
11582,553433,3728.17
11582,623325,3728.17
11582,693448,3728.19
11582,763753,3728.12
11582,834081,3728.17
11582,903935,3728.2
11582,974138,3728.12
11582,1044326,3728.16
11582,1113689,3728.18
11582,61772,3728.19
11582,133339,3728.2
11582,205147,3728.15
11582,276191,3728.16
11582,347615,3728.14
11582,417745,3728.11
11582,487965,3728.16
11582,558414,3728.02
11582,629721,3728.18
11582,701912,3728.26
11582,774755,3728.16
11582,846128,3728.18
11582,918374,3728.14
11582,990285,3728.11
11582,1062196,3728.13
11582,9989,3728.11
11582,82308,3728.2
11582,155674,3728.16
11582,226736,3728.17
11582,298144,3728.15
11582,370459,3728.25
11582,443046,3728.09
11582,486620,3728.13
11582,529778,3727.81
11582,536299,3727.81
11582,603047,3728.14
11582,675120,3728.18
11582,747475,3728.15
11582,819631,3728.14
11582,891426,3728.22
11582,942707,3728.13
11582,943200,3727.81
11582,943747,3727.81
11582,991033,3727.81
11582,1062444,3728.2
11582,8915,3728.19
11582,80243,3728.22
11582,151952,3728.17
11582,223290,3728.18
11582,295094,3728.12
11582,367448,3728.13
11582,439355,3728.12
11582,511275,3728.11
11582,582698,3728.11
11582,653863,3728.14
11582,724410,3728.09
11582,795446,3728.14
11582,866760,3728.16
11582,937556,3728.16
11582,1008969,3728.17
11582,1081787,3728.16
11582,32263,3728.13
11582,103502,3728.19
11582,172786,3728.1
11582,241810,3728.13
11582,311321,3728.14
11582,381951,3728.16
11582,452749,3728.13
11582,522603,3728.12
11582,592533,3728.16
11582,662500,3728.15
11582,732646,3728.12
11582,765759,3728.08
11582,813732,3727.81
11582,883005,3728.19
11582,954647,3728.14
11582,1026201,3728.1
11582,1097664,3728.16
11582,47295,3728.14
11582,118843,3728.09
11582,180167,3728.13
11582,180167,3728.19
11582,180167,3728.16
11582,180167,3728.18
11583,85706,3728.09
11583,158035,3728.28
11583,230360,3728.21
11583,302176,3728.12
11583,373859,3728.15
11583,445813,3728.14
11583,517062,3728.17
11583,588247,3728.17
11583,659156,3728.1
11583,729947,3728.18
11583,801095,3728.18
11583,871894,3728.19
11583,942042,3728.11
11583,1011663,3728.15
11583,1081763,3728.12
11583,30328,3728.17
11583,100728,3728.21
11583,170898,3728.21
11583,241097,3728.12
11583,310906,3728.08
11583,380939,3728.15
11583,450801,3728.2
11583,521226,3728.17
11583,591211,3728.36
11583,662253,3728.14
11583,734601,3728.24
11583,807374,3728.11
11583,880264,3728.14
11583,948103,3728.11
11583,964966,3728.17
11583,1039443,3727.81
11583,1111506,3728.15
11583,62158,3728.11
11583,131877,3728.13
11583,201677,3728.1
11583,272328,3728.1
11583,343463,3728.1
11583,414988,3728.1
11583,486229,3728.21
11583,557207,3728.2
11583,628645,3728.17
11583,699182,3728.07
11583,768940,3728.25
11583,839484,3728.12
11583,912452,3728.15
11583,984750,3728.2
11583,1044971,3728.15
11583,1045517,3728.1
11583,1067310,3727.81
11583,1072595,3727.81
11583,1094202,3727.81
11583,1094759,3727.87
11583,1122453,3727.81
11583,1123015,3727.91
11583,1123628,3727.81
11583,1124197,3727.81
11583,1124805,3727.81
11583,1125435,3727.81
11583,5539,3727.81
11583,76378,3727.81
11583,146557,3728.17
11583,211498,3728.2
11583,212032,3728.12
11583,251204,3727.81
11583,321729,3728.18
11583,391566,3728.2
11583,461264,3728.1
11583,531080,3728.17
11583,601856,3728.04
11583,673683,3728.2
11583,745763,3728.1
11583,818452,3728.2
11583,890649,3728.09
11583,961935,3728.16
11583,1028214,3728.1
11583,1028764,3728.14
11583,1043866,3727.81
11583,1048869,3727.81
11583,1115285,3727.81
11583,63858,3728.03
11583,135387,3728.16
11583,145270,3728.13
11583,145836,3727.81
11583,146397,3727.81
11583,146962,3727.81
11583,147506,3727.81
11583,186318,3727.81
11583,254742,3728.4
11583,325510,3728.33
11583,397511,3728.16
11583,469979,3728.21
11583,542582,3728.09
11583,614856,3728.14
11583,685396,3728.09
11583,756190,3728.13
11583,813971,3728.07
11583,814606,3728.19
11583,834478,3727.81
11583,905928,3727.81
11583,962354,3728.01
11583,962848,3728.18
11583,963404,3727.81
11583,964013,3727.81
11583,964505,3727.81
11583,965127,3727.81
11583,965571,3727.81
11583,966120,3727.81
11583,966676,3727.81
11583,967232,3727.81
11583,967788,3727.81
11583,968342,3727.81
11583,968906,3727.81
11583,969513,3727.81
11583,970006,3727.81
11583,970550,3727.81
11583,971172,3727.81
11583,971725,3727.81
11583,972224,3727.81
11583,972761,3727.81
11583,973376,3727.81
11583,973875,3727.81
11583,974427,3727.81
11583,974979,3727.81
11583,975542,3727.81
11583,976157,3727.81
11583,976654,3727.81
11583,977256,3727.81
11583,977748,3727.81
11583,978319,3727.81
11583,978879,3727.81
11583,979428,3727.81
11583,979957,3727.81
11583,980485,3727.81
11583,981098,3727.81
11583,981645,3727.81
11583,982203,3727.81
11583,982756,3727.81
11583,983321,3727.81
11583,983933,3727.81
11583,984491,3727.81
11583,984931,3727.81
11583,985598,3727.81
11583,986105,3727.81
11583,986719,3727.81
11583,987218,3727.81
11583,987770,3727.81
11583,988318,3727.81
11583,1003550,3727.81
11583,1039395,3728.01
11583,1100822,3728.12
11583,21001,3728.04
11583,89228,3728.17
11583,140055,3728.11
11583,140623,3727.81
11583,200594,3727.99
11583,271135,3727.95
11583,341316,3728.12
11583,411550,3728.11
11583,481200,3728.16
11583,550173,3728.2
11583,619980,3728.1
11583,690097,3728.17
11583,760883,3728.17
11583,831642,3728.18
11583,903727,3728.17
11583,975943,3728.15
11583,1049279,3728.1
11583,1122234,3728.21
11583,69852,3728.13
11583,135531,3728.21
11583,136111,3727.81
11583,171034,3727.81
11583,171655,3727.81
11583,194966,3727.81
11583,267171,3727.9
11583,338997,3728.22
11583,410783,3728.15
11583,480661,3728.08
11583,550682,3728.16
11583,623962,3728.22
11583,697398,3728.18
11583,770475,3728.16
11583,820503,3728.18
11583,820758,3727.81
11586,620,3727.81
11586,53860,3727.81
11586,125225,3727.95
11586,196247,3728.15
11586,265876,3728.17
11586,335135,3728.2
11586,405413,3728.17
11586,476581,3728.06
11586,547756,3728.07
11586,617780,3728.18
11586,687518,3728.12
11586,757814,3728.18
11586,827580,3728.09
11586,897618,3728.15
11586,967478,3728.19
11586,1037719,3728.1
11586,1108126,3728.12
11586,53727,3728.12
11586,125081,3728.14
11586,197414,3728.17
11586,268798,3728.16
11586,341410,3728.11
11586,413686,3728.16
11586,486183,3728.13
11586,557784,3728.17
11586,629259,3728.16
11586,700830,3728.08
11586,772608,3728.12
11586,845175,3728.13
11586,917350,3728.14
11586,989842,3728.2
11586,1060580,3728.18
11586,1103905,3728.11
11586,1104455,3727.81
11586,1105123,3727.81
11586,1105615,3727.81
11586,1106232,3727.81
11586,1106720,3727.81
11586,1107338,3727.81
11586,1107830,3727.81
11586,22311,3727.81
11586,92815,3728.2
11586,163832,3728.08
11586,235056,3728.11
11586,306699,3728.1
11586,379039,3728.24
11586,450981,3728.16
11586,471035,3728.14
11586,471601,3727.81
11586,533916,3727.81
11586,606243,3728.1
11586,677925,3728.13
11586,748136,3728.1
11586,817991,3728.17
11586,887734,3728.09
11586,957578,3728.16
11586,1027759,3728.13
11586,1098275,3728.16
11586,44111,3728.14
11586,114654,3728.1
11586,187482,3728.13
11586,258501,3728.1
11586,328383,3728.11
11586,398661,3728.13
11586,466873,3728.19
11586,467503,3728.16
11586,493016,3727.81
11586,565597,3728.24
11586,635861,3728.19
11586,705990,3728.1
11586,775438,3728.19
11586,845543,3728.13
11586,915674,3728.13
11586,985586,3728.16
11586,1055434,3728.27
11586,1800,3728.18
11586,72115,3728.17
11586,142203,3728.16
11586,212373,3728.14
11586,282425,3728.15
11586,351890,3728.08
11586,421646,3728.09
11586,490889,3728.21
11586,560545,3728.16
11586,631705,3728.17
11586,702487,3728.16
11586,740417,3728.18
11586,749254,3727.81
11586,818644,3727.81
11586,888298,3728.12
11586,957305,3728.13
11586,1026623,3728.16
11586,1096809,3728.27
11586,41570,3728.09
11586,113753,3728.22
11586,185674,3728.22
11586,257387,3728.14
11586,328428,3728.13
11586,399352,3728.08
11586,469193,3728.3
11586,540021,3728.13
11586,611679,3728.2
11586,683968,3728.19
11586,756535,3728.17
11586,806227,3728.15
11586,820200,3728.2
11586,891535,3727.81
11586,963764,3728.17
11586,1034603,3728.21
11586,1078441,3728.14
11586,1088328,3728.21
11586,31433,3727.81
11586,101842,3728.16
11586,172612,3728.19
11586,243782,3728.06
11586,314691,3728.06
11586,386392,3728.15
11586,458209,3728.09
11586,528207,3728.19
11586,597943,3728.14
11586,666816,3728.14
11586,736149,3728.11
11586,805590,3728.17
11586,875980,3728.13
11586,946808,3728.19
11586,1017165,3728.2
11586,1087609,3728.1
11586,34651,3728.14
11586,105862,3728.13
11586,177172,3728.28
11586,248286,3728.23
11586,319478,3728.12
11586,391559,3728.08
11586,464221,3728.15
11586,536941,3728.13
11586,609107,3728.14
11586,681617,3728.19
11586,723226,3728.14
11586,733237,3728.18
11586,802210,3727.81
11586,874699,3727.85
11586,946993,3728.2
11586,1018028,3728.12
11586,1088815,3728.14
11586,35375,3728.1
11586,106927,3728.11
11586,177938,3728.19
11586,249888,3728.11
11586,322747,3728.07
11586,395148,3728.26
11586,467356,3728.15
11586,539741,3728.07
11586,611514,3728.08
11586,670550,3728.16
11586,671101,3728.15
11586,735664,3727.81
11586,808084,3728.03
11586,832561,3728.21
11586,860283,3727.81
11586,891217,3727.81
11586,906820,3728.16
11586,976554,3727.81
11586,1046618,3728.01
11586,1116730,3728.09
11586,20868,3728.14
11586,59242,3728.15
11586,131547,3727.81
11586,202704,3728.15
11586,265168,3728.13
11586,265749,3728.12
11586,266292,3727.81
11586,294948,3727.81
11586,368746,3727.81
11586,439595,3728.13
11586,511420,3728.09
11586,582756,3728.12
11586,654771,3728.17
11586,726291,3728.14
11586,798513,3728.15
11586,861223,3728.07
11586,861842,3728.18
11586,890887,3727.81
11586,890887,3728.23
11586,890887,3728.16
11586,890887,3727.81
11593,93354,3728.26
11593,171057,3728.25
11593,250718,3728.28
11593,330530,3728.21
11593,411447,3728.27
11593,492776,3728.22
11593,574184,3728.24
11593,655232,3728.24
11593,715315,3728.19
11593,715804,3727.81
11593,716361,3727.81
11593,716910,3727.81
11593,717526,3727.81
11593,718020,3727.81
11593,718567,3727.81
11593,719128,3727.81
11593,719690,3727.81
11593,720236,3727.81
11593,720860,3727.81
11593,785664,3727.81
11593,865289,3728.31
11593,944752,3728.16
11593,1024187,3728.28
11593,65323,3728.29
11593,145194,3728.27
11593,225043,3728.18
11593,305043,3728.26
11593,384434,3728.27
11593,464267,3728.28
11593,543830,3728.29
11593,623305,3728.26
11593,702989,3728.23
11593,782784,3728.24
11593,861601,3728.14
11593,938836,3728.23
11593,1016096,3728.27
11593,57918,3728.26
11593,135478,3728.31
11593,212608,3728.24
11593,289803,3728.32
11593,366992,3728.14
11593,444298,3728.33
11593,521454,3728.3
11593,598784,3728.29
11593,679788,3728.22
11593,761145,3728.27
11593,842652,3728.21
11593,924098,3728.31
11593,1005540,3728.38
11593,50498,3728.29
11593,131672,3728.19
11593,212968,3728.31
11593,294261,3728.22
11593,375770,3728.18
11593,457207,3728.22
11593,538480,3728.24
11593,619410,3728.24
11593,700633,3728.3
11593,781999,3728.31
11593,863605,3728.24
11593,945130,3728.33
11593,1026462,3728.19
11593,72145,3728.28
11593,153579,3728.19
11593,234973,3728.25
11593,316281,3728.26
11593,397431,3728.3
11593,478711,3728.28
11593,559817,3728.27
11593,621805,3728.23
11593,622416,3727.81
11593,622979,3727.81
11593,623472,3727.81
11593,624037,3727.81
11593,624585,3727.81
11593,625201,3727.81
11593,659907,3727.81
11593,700862,3728.3
11593,721706,3727.81
11593,803210,3728.39
11593,884512,3728.19
11593,965785,3728.27
11593,1028810,3728.26
11593,1029331,3728.23
11593,1029951,3727.81
11593,1030454,3727.81
11593,1031060,3727.81
11593,1031609,3727.81
11593,1032107,3727.81
11593,1032715,3727.81
11593,1033253,3727.81
11593,23211,3727.81
11593,100619,3728.39
11593,177650,3728.36
11593,255005,3728.25
11593,332334,3728.24
11593,409438,3728.21
11593,489329,3728.24
11593,570569,3728.17
11593,651949,3728.27
11593,733657,3728.24
11593,815149,3728.22
11593,896492,3728.28
11593,977971,3728.22
11593,27382,3728.27
11593,108793,3728.18
11593,190431,3728.24
11593,271589,3728.17
11593,352731,3728.15
11593,434297,3728.29
11593,515997,3728.24
11593,597685,3728.2
11593,679339,3728.21
11593,760982,3728.24
11593,842536,3728.19
11593,923844,3728.26
11593,1005023,3728.21
11593,54096,3728.24
11593,135020,3728.3
11593,214984,3728.25
11593,294279,3728.29
11593,375975,3728.18
11593,457388,3728.3
11593,538754,3728.28
11593,620223,3728.29
11593,701675,3728.14
11593,783040,3728.26
11593,864317,3728.18
11593,945388,3728.25
11593,1026696,3728.18
11593,74344,3728.3
11593,153425,3728.25
11593,234838,3728.3
11593,316141,3728.2
11593,397114,3728.21
11593,477231,3728.24
11593,556464,3728.23
11593,638047,3728.25
11593,719364,3728.19
11593,741248,3728.26
11593,783071,3727.81
11593,862867,3728.37
11593,942689,3728.22
11593,1022434,3728.21
11593,65565,3728.26
11593,145194,3728.23
11593,224664,3728.21
11593,305423,3728.29
11593,387006,3728.22
11593,388482,3728.27
11593,389032,3727.81
11593,389584,3727.81
11593,390200,3727.81
11593,390756,3727.81
11593,391252,3727.81
11593,391804,3727.81
11593,420212,3727.81
11593,501471,3728.25
11593,544394,3728.86
11593,544932,3727.81
11593,578089,3727.81
11593,578590,3728.5
11593,594664,3727.81
11593,595255,3728.33
11593,595773,3727.81
11593,596386,3727.81
11593,597061,3727.81
11593,641897,3727.81
11593,717383,3728.24
11593,748358,3728.2
11593,748358,3728.22
11593,748358,3728.24
11593,748358,3728.31
11593,748358,3728.2
11593,748358,3728.22
11593,748358,3728.14
11593,748358,3728.21
11593,748358,3728.18
11593,748358,3728.27
11593,748358,3728.22
11593,748358,3728.21
11593,748358,3728.22
11593,748358,3728.2
11593,748358,3728.29
11593,748358,3728.27
11593,748358,3728.22
11593,748358,3728.24
11593,748358,3728.31
11593,748358,3728.23
11593,748358,3728.27
11593,748358,3728.22
11593,748358,3728.31
11593,748358,3728.28
11593,748358,3728.19
11593,748358,3728.22
11594,97311,3728.25
11594,22891,3728.32
11594,103909,3728.21
11594,80657,3728.28
11594,58406,3728.25
11594,36366,3728.25
11594,14008,3728.19
11594,95528,3728.28
11594,73544,3728.24
11594,47411,3728.22
11594,21272,3728.23
11594,98616,3728.17
11594,72331,3728.26
11594,46084,3728.25
11594,73346,3728.27
11594,23861,3728.26
11594,924,3728.29
11594,80648,3728.21
11594,52535,3728.26
11594,26423,3728.23
11594,103619,3728.22
11594,13043,3727.81
11594,45410,3728.29
11594,75034,3727.81
11594,92673,3727.81
11594,93299,3727.81
11594,13944,3727.81
11594,91785,3728.26
11594,41942,3728.25
11594,42506,3727.81
11594,43048,3727.81
11594,43560,3727.81
11594,44152,3727.81
11594,50589,3727.81
11594,50589,3728.29
11594,50589,3728.19
11594,50589,3728.26
11594,50589,3728.22
11594,50589,3728.22
11594,50589,3728.33
11594,50589,3728.16
11594,50589,3728.27
11594,50589,3728.21
11594,50589,3728.32
11594,49608,3728.21
11594,25664,3728.18
11594,1968,3728.29
11594,81890,3728.29
11594,58200,3728.28
11594,34829,3728.24
11594,11707,3728.25
11594,91468,3728.27
11594,68348,3728.23
11594,45528,3728.28
11595,93792,3728.23
11595,173013,3728.24
11595,252423,3728.23
11595,331989,3728.33
11595,411654,3728.24
11595,489440,3728.22
11595,567114,3728.21
11595,644233,3728.23
11595,721418,3728.28
11595,798580,3728.22
11595,875770,3728.23
11595,953168,3728.24
11595,1030663,3728.29
11595,61836,3728.18
11595,73646,3727.81
11595,150875,3728.24
11595,228323,3728.23
11595,307965,3728.2
11595,387836,3728.2
11595,467503,3728.29
11595,547165,3728.24
11595,626819,3728.25
11595,706600,3728.26
11595,786304,3728.28
11595,865405,3728.18
11595,945001,3728.24
11595,1024719,3728.22
11595,66982,3728.29
11595,146632,3728.27
11595,226423,3728.28
11595,306226,3728.27
11595,387507,3728.22
11595,468995,3728.34
11595,550332,3728.28
11595,631655,3728.32
11595,713054,3728.3
11595,794175,3728.23
11595,875609,3728.2
11595,957028,3728.27
11595,3079,3728.35
11595,84241,3728.31
11595,165458,3728.24
11595,246626,3728.27
11595,328025,3728.34
11595,409397,3728.23
11595,490754,3728.28
11595,571655,3728.25
11595,649805,3728.27
11595,726655,3728.23
11595,803889,3728.34
11595,885236,3728.26
11595,966666,3728.3
11595,7024,3728.26
11595,84541,3728.28
11595,161857,3728.22
11595,223827,3728.26
11595,223827,3728.27
11595,223827,3728.24
11595,223827,3728.28
11595,223827,3728.26
11595,223827,3728.29
11595,223827,3728.21
11595,223827,3728.33
11595,223827,3728.23
11595,223827,3728.31
11595,223827,3728.25
11595,223827,3728.28
11595,223827,3728.33
11595,223827,3728.25
11595,223827,3728.35
11595,223827,3728.23
11595,223827,3728.25
